model,variant,split,metric,k,value,n_users,n_ratings,seed,run_id,timestamp,history
global_mean,history=1,test,rmse,,1.2074270072195372,200,5081,20260903,20260922T172819,1790078299,1
global_mean,history=1,test,mae,,0.9965886956642441,200,5081,20260903,20260922T172819,1790078299,1
global_mean,history=1,test,precision_at_k,5.0,0.019289340101522848,197,0,20260903,20260922T172819,1790078299,1
global_mean,history=1,test,recall_at_k,5.0,0.006858401649323616,197,0,20260903,20260922T172819,1790078299,1
global_mean,history=1,test,coverage,5.0,0.0038684719535783366,197,0,20260903,20260922T172819,1790078299,1
global_mean,history=1,test,mean_popularity,5.0,103.4507614213198,197,0,20260903,20260922T172819,1790078299,1
global_mean,history=1,test,popularity_percentile,5.0,0.8300239069919764,197,0,20260903,20260922T172819,1790078299,1
global_mean,history=1,test,gini,5.0,0.9967644912239361,197,0,20260903,20260922T172819,1790078299,1
global_mean,history=1,test,precision_at_k,10.0,0.022335025380710662,197,0,20260903,20260922T172819,1790078299,1
global_mean,history=1,test,recall_at_k,10.0,0.02056042989838101,197,0,20260903,20260922T172819,1790078299,1
global_mean,history=1,test,coverage,10.0,0.0070921985815602835,197,0,20260903,20260922T172819,1790078299,1
global_mean,history=1,test,mean_popularity,10.0,114.35736040609137,197,0,20260903,20260922T172819,1790078299,1
global_mean,history=1,test,popularity_percentile,10.0,0.8424663500900605,197,0,20260903,20260922T172819,1790078299,1
global_mean,history=1,test,gini,10.0,0.9935446919786481,197,0,20260903,20260922T172819,1790078299,1
global_mean,history=1,test,precision_at_k,20.0,0.0200507614213198,197,0,20260903,20260922T172819,1790078299,1
global_mean,history=1,test,recall_at_k,20.0,0.036847350796105086,197,0,20260903,20260922T172819,1790078299,1
global_mean,history=1,test,coverage,20.0,0.013539651837524178,197,0,20260903,20260922T172819,1790078299,1
global_mean,history=1,test,mean_popularity,20.0,100.24644670050762,197,0,20260903,20260922T172819,1790078299,1
global_mean,history=1,test,popularity_percentile,20.0,0.8174940232520059,197,0,20260903,20260922T172819,1790078299,1
global_mean,history=1,test,gini,20.0,0.9870982205683577,197,0,20260903,20260922T172819,1790078299,1
user_mean,history=1,test,rmse,,1.1885398340233653,200,5081,20260903,20260922T172819,1790078299,1
user_mean,history=1,test,mae,,0.9788637101984264,200,5081,20260903,20260922T172819,1790078299,1
user_mean,history=1,test,precision_at_k,5.0,0.019289340101522848,197,0,20260903,20260922T172819,1790078299,1
user_mean,history=1,test,recall_at_k,5.0,0.006858401649323616,197,0,20260903,20260922T172819,1790078299,1
user_mean,history=1,test,coverage,5.0,0.0038684719535783366,197,0,20260903,20260922T172819,1790078299,1
user_mean,history=1,test,mean_popularity,5.0,103.4507614213198,197,0,20260903,20260922T172819,1790078299,1
user_mean,history=1,test,popularity_percentile,5.0,0.8300239069919764,197,0,20260903,20260922T172819,1790078299,1
user_mean,history=1,test,gini,5.0,0.9967644912239361,197,0,20260903,20260922T172819,1790078299,1
user_mean,history=1,test,precision_at_k,10.0,0.022335025380710662,197,0,20260903,20260922T172819,1790078299,1
user_mean,history=1,test,recall_at_k,10.0,0.02056042989838101,197,0,20260903,20260922T172819,1790078299,1
user_mean,history=1,test,coverage,10.0,0.0070921985815602835,197,0,20260903,20260922T172819,1790078299,1
user_mean,history=1,test,mean_popularity,10.0,114.35736040609137,197,0,20260903,20260922T172819,1790078299,1
user_mean,history=1,test,popularity_percentile,10.0,0.8424663500900605,197,0,20260903,20260922T172819,1790078299,1
user_mean,history=1,test,gini,10.0,0.9935446919786481,197,0,20260903,20260922T172819,1790078299,1
user_mean,history=1,test,precision_at_k,20.0,0.0200507614213198,197,0,20260903,20260922T172819,1790078299,1
user_mean,history=1,test,recall_at_k,20.0,0.036847350796105086,197,0,20260903,20260922T172819,1790078299,1
user_mean,history=1,test,coverage,20.0,0.013539651837524178,197,0,20260903,20260922T172819,1790078299,1
user_mean,history=1,test,mean_popularity,20.0,100.24644670050762,197,0,20260903,20260922T172819,1790078299,1
user_mean,history=1,test,popularity_percentile,20.0,0.8174940232520059,197,0,20260903,20260922T172819,1790078299,1
user_mean,history=1,test,gini,20.0,0.9870982205683577,197,0,20260903,20260922T172819,1790078299,1
item_mean,history=1,test,rmse,,1.0752170726028716,200,5081,20260903,20260922T172819,1790078300,1
item_mean,history=1,test,mae,,0.8601441483514306,200,5081,20260903,20260922T172819,1790078300,1
item_mean,history=1,test,precision_at_k,5.0,0.023350253807106598,197,0,20260903,20260922T172819,1790078300,1
item_mean,history=1,test,recall_at_k,5.0,0.009435596870536706,197,0,20260903,20260922T172819,1790078300,1
item_mean,history=1,test,coverage,5.0,0.0038684719535783366,197,0,20260903,20260922T172819,1790078300,1
item_mean,history=1,test,mean_popularity,5.0,134.3532994923858,197,0,20260903,20260922T172819,1790078300,1
item_mean,history=1,test,popularity_percentile,5.0,0.9264208285573932,197,0,20260903,20260922T172819,1790078300,1
item_mean,history=1,test,gini,5.0,0.9967723459893241,197,0,20260903,20260922T172819,1790078300,1
item_mean,history=1,test,precision_at_k,10.0,0.029441624365482238,197,0,20260903,20260922T172819,1790078300,1
item_mean,history=1,test,recall_at_k,10.0,0.022893033612080907,197,0,20260903,20260922T172819,1790078300,1
item_mean,history=1,test,coverage,10.0,0.0070921985815602835,197,0,20260903,20260922T172819,1790078300,1
item_mean,history=1,test,mean_popularity,10.0,170.6553299492386,197,0,20260903,20260922T172819,1790078300,1
item_mean,history=1,test,popularity_percentile,10.0,0.9470912068118552,197,0,20260903,20260922T172819,1790078300,1
item_mean,history=1,test,gini,10.0,0.9935414191597365,197,0,20260903,20260922T172819,1790078300,1
item_mean,history=1,test,precision_at_k,20.0,0.025634517766497462,197,0,20260903,20260922T172819,1790078300,1
item_mean,history=1,test,recall_at_k,20.0,0.03968718332020724,197,0,20260903,20260922T172819,1790078300,1
item_mean,history=1,test,coverage,20.0,0.013539651837524178,197,0,20260903,20260922T172819,1790078300,1
item_mean,history=1,test,mean_popularity,20.0,149.94238578680202,197,0,20260903,20260922T172819,1790078300,1
item_mean,history=1,test,popularity_percentile,20.0,0.9300135909611921,197,0,20260903,20260922T172819,1790078300,1
item_mean,history=1,test,gini,20.0,0.9870936386218814,197,0,20260903,20260922T172819,1790078300,1
most_popular,history=1,test,rmse,,1.2074270072195372,200,5081,20260903,20260922T172819,1790078300,1
most_popular,history=1,test,mae,,0.9965886956642441,200,5081,20260903,20260922T172819,1790078300,1
most_popular,history=1,test,precision_at_k,5.0,0.04060913705583756,197,0,20260903,20260922T172819,1790078300,1
most_popular,history=1,test,recall_at_k,5.0,0.014708797611010453,197,0,20260903,20260922T172819,1790078300,1
most_popular,history=1,test,coverage,5.0,0.0038684719535783366,197,0,20260903,20260922T172819,1790078300,1
most_popular,history=1,test,mean_popularity,5.0,352.9908629441624,197,0,20260903,20260922T172819,1790078300,1
most_popular,history=1,test,popularity_percentile,5.0,0.9987077124611102,197,0,20260903,20260922T172819,1790078300,1
most_popular,history=1,test,gini,5.0,0.9967723459893241,197,0,20260903,20260922T172819,1790078300,1
most_popular,history=1,test,precision_at_k,10.0,0.04060913705583756,197,0,20260903,20260922T172819,1790078300,1
most_popular,history=1,test,recall_at_k,10.0,0.03369671866172227,197,0,20260903,20260922T172819,1790078300,1
most_popular,history=1,test,coverage,10.0,0.0070921985815602835,197,0,20260903,20260922T172819,1790078300,1
most_popular,history=1,test,mean_popularity,10.0,331.0223350253807,197,0,20260903,20260922T172819,1790078300,1
most_popular,history=1,test,popularity_percentile,10.0,0.9970869494023253,197,0,20260903,20260922T172819,1790078300,1
most_popular,history=1,test,gini,10.0,0.9935388009046071,197,0,20260903,20260922T172819,1790078300,1
most_popular,history=1,test,precision_at_k,20.0,0.042639593908629446,197,0,20260903,20260922T172819,1790078300,1
most_popular,history=1,test,recall_at_k,20.0,0.0798866507335738,197,0,20260903,20260922T172819,1790078300,1
most_popular,history=1,test,coverage,20.0,0.013539651837524178,197,0,20260903,20260922T172819,1790078300,1
most_popular,history=1,test,mean_popularity,20.0,282.03781725888325,197,0,20260903,20260922T172819,1790078300,1
most_popular,history=1,test,popularity_percentile,20.0,0.9938434583265107,197,0,20260903,20260922T172819,1790078300,1
most_popular,history=1,test,gini,20.0,0.9870766199635408,197,0,20260903,20260922T172819,1790078300,1
content,history=1,test,rmse,,1.4761043432119119,200,5081,20260903,20260922T172819,1790078301,1
content,history=1,test,mae,,1.1376121654282296,200,5081,20260903,20260922T172819,1790078301,1
content,history=1,test,precision_at_k,5.0,0.015228426395939087,197,0,20260903,20260922T172819,1790078301,1
content,history=1,test,recall_at_k,5.0,0.004684081906935558,197,0,20260903,20260922T172819,1790078301,1
content,history=1,test,coverage,5.0,0.30883301096067056,197,0,20260903,20260922T172819,1790078301,1
content,history=1,test,mean_popularity,5.0,45.45177664974619,197,0,20260903,20260922T172819,1790078301,1
content,history=1,test,popularity_percentile,5.0,0.584116587522515,197,0,20260903,20260922T172819,1790078301,1
content,history=1,test,gini,5.0,0.8114299927670702,197,0,20260903,20260922T172819,1790078301,1
content,history=1,test,precision_at_k,10.0,0.014720812182741119,197,0,20260903,20260922T172819,1790078301,1
content,history=1,test,recall_at_k,10.0,0.010445359438510615,197,0,20260903,20260922T172819,1790078301,1
content,history=1,test,coverage,10.0,0.43133462282398455,197,0,20260903,20260922T172819,1790078301,1
content,history=1,test,mean_popularity,10.0,46.39340101522843,197,0,20260903,20260922T172819,1790078301,1
content,history=1,test,popularity_percentile,10.0,0.5898585230063861,197,0,20260903,20260922T172819,1790078301,1
content,history=1,test,gini,10.0,0.7708889303445952,197,0,20260903,20260922T172819,1790078301,1
content,history=1,test,precision_at_k,20.0,0.013197969543147208,197,0,20260903,20260922T172819,1790078301,1
content,history=1,test,recall_at_k,20.0,0.019800376712661737,197,0,20260903,20260922T172819,1790078301,1
content,history=1,test,coverage,20.0,0.5460992907801419,197,0,20260903,20260922T172819,1790078301,1
content,history=1,test,mean_popularity,20.0,43.528426395939086,197,0,20260903,20260922T172819,1790078301,1
content,history=1,test,popularity_percentile,20.0,0.5725338136564597,197,0,20260903,20260922T172819,1790078301,1
content,history=1,test,gini,20.0,0.7308977014992784,197,0,20260903,20260922T172819,1790078301,1
item_knn,history=1,test,rmse,,1.2535511967280573,200,5081,20260903,20260922T172819,1790078304,1
item_knn,history=1,test,mae,,0.9905438388088783,200,5081,20260903,20260922T172819,1790078304,1
item_knn,history=1,test,precision_at_k,5.0,0.02842639593908629,197,0,20260903,20260922T172819,1790078304,1
item_knn,history=1,test,recall_at_k,5.0,0.009659740358205013,197,0,20260903,20260922T172819,1790078304,1
item_knn,history=1,test,coverage,5.0,0.041263700838168924,197,0,20260903,20260922T172819,1790078304,1
item_knn,history=1,test,mean_popularity,5.0,154.25583756345176,197,0,20260903,20260922T172819,1790078304,1
item_knn,history=1,test,popularity_percentile,5.0,0.9284696250204683,197,0,20260903,20260922T172819,1790078304,1
item_knn,history=1,test,gini,5.0,0.9854379195344742,197,0,20260903,20260922T172819,1790078304,1
item_knn,history=1,test,precision_at_k,10.0,0.02690355329949239,197,0,20260903,20260922T172819,1790078304,1
item_knn,history=1,test,recall_at_k,10.0,0.01930280929323054,197,0,20260903,20260922T172819,1790078304,1
item_knn,history=1,test,coverage,10.0,0.07736943907156674,197,0,20260903,20260922T172819,1790078304,1
item_knn,history=1,test,mean_popularity,10.0,146.43248730964467,197,0,20260903,20260922T172819,1790078304,1
item_knn,history=1,test,popularity_percentile,10.0,0.9127476666120844,197,0,20260903,20260922T172819,1790078304,1
item_knn,history=1,test,gini,10.0,0.9747102737058456,197,0,20260903,20260922T172819,1790078304,1
item_knn,history=1,test,precision_at_k,20.0,0.024619289340101522,197,0,20260903,20260922T172819,1790078304,1
item_knn,history=1,test,recall_at_k,20.0,0.03546035380356138,197,0,20260903,20260922T172819,1790078304,1
item_knn,history=1,test,coverage,20.0,0.12572533849129594,197,0,20260903,20260922T172819,1790078304,1
item_knn,history=1,test,mean_popularity,20.0,129.79314720812184,197,0,20260903,20260922T172819,1790078304,1
item_knn,history=1,test,popularity_percentile,20.0,0.889527100049124,197,0,20260903,20260922T172819,1790078304,1
item_knn,history=1,test,gini,20.0,0.9573479693795063,197,0,20260903,20260922T172819,1790078304,1
item_knn_ranking,history=1,test,rmse,,1.0752170726028718,200,5081,20260903,20260922T172819,1790078308,1
item_knn_ranking,history=1,test,mae,,0.8601441483514306,200,5081,20260903,20260922T172819,1790078308,1
item_knn_ranking,history=1,test,precision_at_k,5.0,0.023350253807106598,197,0,20260903,20260922T172819,1790078308,1
item_knn_ranking,history=1,test,recall_at_k,5.0,0.009435596870536706,197,0,20260903,20260922T172819,1790078308,1
item_knn_ranking,history=1,test,coverage,5.0,0.0038684719535783366,197,0,20260903,20260922T172819,1790078308,1
item_knn_ranking,history=1,test,mean_popularity,5.0,134.3532994923858,197,0,20260903,20260922T172819,1790078308,1
item_knn_ranking,history=1,test,popularity_percentile,5.0,0.9264208285573932,197,0,20260903,20260922T172819,1790078308,1
item_knn_ranking,history=1,test,gini,5.0,0.9967723459893241,197,0,20260903,20260922T172819,1790078308,1
item_knn_ranking,history=1,test,precision_at_k,10.0,0.029441624365482238,197,0,20260903,20260922T172819,1790078308,1
item_knn_ranking,history=1,test,recall_at_k,10.0,0.022893033612080907,197,0,20260903,20260922T172819,1790078308,1
item_knn_ranking,history=1,test,coverage,10.0,0.0070921985815602835,197,0,20260903,20260922T172819,1790078308,1
item_knn_ranking,history=1,test,mean_popularity,10.0,170.6553299492386,197,0,20260903,20260922T172819,1790078308,1
item_knn_ranking,history=1,test,popularity_percentile,10.0,0.9470912068118552,197,0,20260903,20260922T172819,1790078308,1
item_knn_ranking,history=1,test,gini,10.0,0.9935414191597365,197,0,20260903,20260922T172819,1790078308,1
item_knn_ranking,history=1,test,precision_at_k,20.0,0.025634517766497462,197,0,20260903,20260922T172819,1790078308,1
item_knn_ranking,history=1,test,recall_at_k,20.0,0.03968718332020724,197,0,20260903,20260922T172819,1790078308,1
item_knn_ranking,history=1,test,coverage,20.0,0.013539651837524178,197,0,20260903,20260922T172819,1790078308,1
item_knn_ranking,history=1,test,mean_popularity,20.0,149.94238578680202,197,0,20260903,20260922T172819,1790078308,1
item_knn_ranking,history=1,test,popularity_percentile,20.0,0.9300135909611921,197,0,20260903,20260922T172819,1790078308,1
item_knn_ranking,history=1,test,gini,20.0,0.9870936386218814,197,0,20260903,20260922T172819,1790078308,1
mf,history=1,test,rmse,,1.0872996494713136,200,5081,20260903,20260922T172819,1790078339,1
mf,history=1,test,mae,,0.8657511153269327,200,5081,20260903,20260922T172819,1790078339,1
mf,history=1,test,precision_at_k,5.0,0.0284263959390863,197,0,20260903,20260922T172819,1790078339,1
mf,history=1,test,recall_at_k,5.0,0.011604974742098187,197,0,20260903,20260922T172819,1790078339,1
mf,history=1,test,coverage,5.0,0.016118633139909737,197,0,20260903,20260922T172819,1790078339,1
mf,history=1,test,mean_popularity,5.0,165.20203045685278,197,0,20260903,20260922T172819,1790078339,1
mf,history=1,test,popularity_percentile,5.0,0.948658915998035,197,0,20260903,20260922T172819,1790078339,1
mf,history=1,test,gini,5.0,0.9947366526262735,197,0,20260903,20260922T172819,1790078339,1
mf,history=1,test,precision_at_k,10.0,0.02842639593908629,197,0,20260903,20260922T172819,1790078339,1
mf,history=1,test,recall_at_k,10.0,0.023984987054960896,197,0,20260903,20260922T172819,1790078339,1
mf,history=1,test,coverage,10.0,0.026434558349451968,197,0,20260903,20260922T172819,1790078339,1
mf,history=1,test,mean_popularity,10.0,162.67005076142132,197,0,20260903,20260922T172819,1790078339,1
mf,history=1,test,popularity_percentile,10.0,0.943616505649255,197,0,20260903,20260922T172819,1790078339,1
mf,history=1,test,gini,10.0,0.9911149512186341,197,0,20260903,20260922T172819,1790078339,1
mf,history=1,test,precision_at_k,20.0,0.027157360406091374,197,0,20260903,20260922T172819,1790078339,1
mf,history=1,test,recall_at_k,20.0,0.04224875867219461,197,0,20260903,20260922T172819,1790078339,1
mf,history=1,test,coverage,20.0,0.04384268214055448,197,0,20260903,20260922T172819,1790078339,1
mf,history=1,test,mean_popularity,20.0,150.2807106598985,197,0,20260903,20260922T172819,1790078339,1
mf,history=1,test,popularity_percentile,20.0,0.9324412968724414,197,0,20260903,20260922T172819,1790078339,1
mf,history=1,test,gini,20.0,0.9825247834212085,197,0,20260903,20260922T172819,1790078339,1
mf_ranking,history=1,test,rmse,,1.0865024492398205,200,5081,20260903,20260922T172819,1790078359,1
mf_ranking,history=1,test,mae,,0.8653799936994593,200,5081,20260903,20260922T172819,1790078359,1
mf_ranking,history=1,test,precision_at_k,5.0,0.030456852791878177,197,0,20260903,20260922T172819,1790078359,1
mf_ranking,history=1,test,recall_at_k,5.0,0.01124396870727522,197,0,20260903,20260922T172819,1790078359,1
mf_ranking,history=1,test,coverage,5.0,0.014829142488716958,197,0,20260903,20260922T172819,1790078359,1
mf_ranking,history=1,test,mean_popularity,5.0,160.34213197969544,197,0,20260903,20260922T172819,1790078359,1
mf_ranking,history=1,test,popularity_percentile,5.0,0.9479155067954806,197,0,20260903,20260922T172819,1790078359,1
mf_ranking,history=1,test,gini,5.0,0.9946869057788164,197,0,20260903,20260922T172819,1790078359,1
mf_ranking,history=1,test,precision_at_k,10.0,0.03197969543147208,197,0,20260903,20260922T172819,1790078359,1
mf_ranking,history=1,test,recall_at_k,10.0,0.023003547786490986,197,0,20260903,20260922T172819,1790078359,1
mf_ranking,history=1,test,coverage,10.0,0.027724049000644745,197,0,20260903,20260922T172819,1790078359,1
mf_ranking,history=1,test,mean_popularity,10.0,161.5477157360406,197,0,20260903,20260922T172819,1790078359,1
mf_ranking,history=1,test,popularity_percentile,10.0,0.9433839855903062,197,0,20260903,20260922T172819,1790078359,1
mf_ranking,history=1,test,gini,10.0,0.990709776237371,197,0,20260903,20260922T172819,1790078359,1
mf_ranking,history=1,test,precision_at_k,20.0,0.02842639593908629,197,0,20260903,20260922T172819,1790078359,1
mf_ranking,history=1,test,recall_at_k,20.0,0.045615979714927535,197,0,20260903,20260922T172819,1790078359,1
mf_ranking,history=1,test,coverage,20.0,0.041263700838168924,197,0,20260903,20260922T172819,1790078359,1
mf_ranking,history=1,test,mean_popularity,20.0,147.13071065989848,197,0,20260903,20260922T172819,1790078359,1
mf_ranking,history=1,test,popularity_percentile,20.0,0.9274997543802195,197,0,20260903,20260922T172819,1790078359,1
mf_ranking,history=1,test,gini,20.0,0.9817543618494045,197,0,20260903,20260922T172819,1790078359,1
hybrid,history=1,test,rmse,,1.0844672800166435,200,5081,20260903,20260922T172819,1790078392,1
hybrid,history=1,test,mae,,0.8640248018041258,200,5081,20260903,20260922T172819,1790078392,1
hybrid,history=1,test,precision_at_k,5.0,0.030456852791878177,197,0,20260903,20260922T172819,1790078392,1
hybrid,history=1,test,recall_at_k,5.0,0.012200294760340995,197,0,20260903,20260922T172819,1790078392,1
hybrid,history=1,test,coverage,5.0,0.018052869116698903,197,0,20260903,20260922T172819,1790078392,1
hybrid,history=1,test,mean_popularity,5.0,165.49035532994924,197,0,20260903,20260922T172819,1790078392,1
hybrid,history=1,test,popularity_percentile,5.0,0.9494003602423449,197,0,20260903,20260922T172819,1790078392,1
hybrid,history=1,test,gini,5.0,0.9946790510134284,197,0,20260903,20260922T172819,1790078392,1
hybrid,history=1,test,precision_at_k,10.0,0.03096446700507614,197,0,20260903,20260922T172819,1790078392,1
hybrid,history=1,test,recall_at_k,10.0,0.023908280658111885,197,0,20260903,20260922T172819,1790078392,1
hybrid,history=1,test,coverage,10.0,0.029013539651837523,197,0,20260903,20260922T172819,1790078392,1
hybrid,history=1,test,mean_popularity,10.0,165.10406091370558,197,0,20260903,20260922T172819,1790078392,1
hybrid,history=1,test,popularity_percentile,10.0,0.9449045357786146,197,0,20260903,20260922T172819,1790078392,1
hybrid,history=1,test,gini,10.0,0.9907673778502162,197,0,20260903,20260922T172819,1790078392,1
hybrid,history=1,test,precision_at_k,20.0,0.02817258883248731,197,0,20260903,20260922T172819,1790078392,1
hybrid,history=1,test,recall_at_k,20.0,0.043665063467596105,197,0,20260903,20260922T172819,1790078392,1
hybrid,history=1,test,coverage,20.0,0.048355899419729204,197,0,20260903,20260922T172819,1790078392,1
hybrid,history=1,test,mean_popularity,20.0,151.54467005076143,197,0,20260903,20260922T172819,1790078392,1
hybrid,history=1,test,popularity_percentile,20.0,0.9334168986409038,197,0,20260903,20260922T172819,1790078392,1
hybrid,history=1,test,gini,20.0,0.9820649523641207,197,0,20260903,20260922T172819,1790078392,1
hybrid_frontier,history=1,test,rmse,,1.1116294034406626,200,5081,20260903,20260922T172819,1790078422,1
hybrid_frontier,history=1,test,mae,,0.8844751316169526,200,5081,20260903,20260922T172819,1790078422,1
hybrid_frontier,history=1,test,precision_at_k,5.0,0.029441624365482238,197,0,20260903,20260922T172819,1790078422,1
hybrid_frontier,history=1,test,recall_at_k,5.0,0.010182466248624294,197,0,20260903,20260922T172819,1790078422,1
hybrid_frontier,history=1,test,coverage,5.0,0.13604126370083816,197,0,20260903,20260922T172819,1790078422,1
hybrid_frontier,history=1,test,mean_popularity,5.0,143.30964467005077,197,0,20260903,20260922T172819,1790078422,1
hybrid_frontier,history=1,test,popularity_percentile,5.0,0.8848298673653184,197,0,20260903,20260922T172819,1790078422,1
hybrid_frontier,history=1,test,gini,5.0,0.9562051010155557,197,0,20260903,20260922T172819,1790078422,1
hybrid_frontier,history=1,test,precision_at_k,10.0,0.029949238578680204,197,0,20260903,20260922T172819,1790078422,1
hybrid_frontier,history=1,test,recall_at_k,10.0,0.02449977167711694,197,0,20260903,20260922T172819,1790078422,1
hybrid_frontier,history=1,test,coverage,10.0,0.1889103803997421,197,0,20260903,20260922T172819,1790078422,1
hybrid_frontier,history=1,test,mean_popularity,10.0,137.86852791878172,197,0,20260903,20260922T172819,1790078422,1
hybrid_frontier,history=1,test,popularity_percentile,10.0,0.8759246766006222,197,0,20260903,20260922T172819,1790078422,1
hybrid_frontier,history=1,test,gini,10.0,0.9469220774545324,197,0,20260903,20260922T172819,1790078422,1
hybrid_frontier,history=1,test,precision_at_k,20.0,0.027918781725888325,197,0,20260903,20260922T172819,1790078422,1
hybrid_frontier,history=1,test,recall_at_k,20.0,0.04450780398441394,197,0,20260903,20260922T172819,1790078422,1
hybrid_frontier,history=1,test,coverage,20.0,0.26305609284332687,197,0,20260903,20260922T172819,1790078422,1
hybrid_frontier,history=1,test,mean_popularity,20.0,131.73527918781727,197,0,20260903,20260922T172819,1790078422,1
hybrid_frontier,history=1,test,popularity_percentile,20.0,0.8695149828066154,197,0,20260903,20260922T172819,1790078422,1
hybrid_frontier,history=1,test,gini,20.0,0.9355765234153829,197,0,20260903,20260922T172819,1790078422,1
global_mean,history=3,test,rmse,,1.2073918423392815,200,5081,20260903,20260922T172819,1790078422,3
global_mean,history=3,test,mae,,0.9965818325940341,200,5081,20260903,20260922T172819,1790078422,3
global_mean,history=3,test,precision_at_k,5.0,0.019289340101522848,197,0,20260903,20260922T172819,1790078422,3
global_mean,history=3,test,recall_at_k,5.0,0.006858401649323616,197,0,20260903,20260922T172819,1790078422,3
global_mean,history=3,test,coverage,5.0,0.004513217279174726,197,0,20260903,20260922T172819,1790078422,3
global_mean,history=3,test,mean_popularity,5.0,104.10964467005076,197,0,20260903,20260922T172819,1790078422,3
global_mean,history=3,test,popularity_percentile,5.0,0.8311439331914198,197,0,20260903,20260922T172819,1790078422,3
global_mean,history=3,test,gini,5.0,0.9967487816931602,197,0,20260903,20260922T172819,1790078422,3
global_mean,history=3,test,precision_at_k,10.0,0.022335025380710662,197,0,20260903,20260922T172819,1790078422,3
global_mean,history=3,test,recall_at_k,10.0,0.02056042989838101,197,0,20260903,20260922T172819,1790078422,3
global_mean,history=3,test,coverage,10.0,0.008381689232753063,197,0,20260903,20260922T172819,1790078422,3
global_mean,history=3,test,mean_popularity,10.0,115.16954314720812,197,0,20260903,20260922T172819,1790078422,3
global_mean,history=3,test,popularity_percentile,10.0,0.8433273292942526,197,0,20260903,20260922T172819,1790078422,3
global_mean,history=3,test,gini,10.0,0.9935244005013959,197,0,20260903,20260922T172819,1790078422,3
global_mean,history=3,test,precision_at_k,20.0,0.0200507614213198,197,0,20260903,20260922T172819,1790078422,3
global_mean,history=3,test,recall_at_k,20.0,0.036847350796105086,197,0,20260903,20260922T172819,1790078422,3
global_mean,history=3,test,coverage,20.0,0.014829142488716958,197,0,20260903,20260922T172819,1790078422,3
global_mean,history=3,test,mean_popularity,20.0,100.76725888324873,197,0,20260903,20260922T172819,1790078422,3
global_mean,history=3,test,popularity_percentile,20.0,0.8181483543474702,197,0,20260903,20260922T172819,1790078422,3
global_mean,history=3,test,gini,20.0,0.9870645105335677,197,0,20260903,20260922T172819,1790078422,3
user_mean,history=3,test,rmse,,1.162626699240029,200,5081,20260903,20260922T172819,1790078422,3
user_mean,history=3,test,mae,,0.9534866203680539,200,5081,20260903,20260922T172819,1790078422,3
user_mean,history=3,test,precision_at_k,5.0,0.019289340101522848,197,0,20260903,20260922T172819,1790078422,3
user_mean,history=3,test,recall_at_k,5.0,0.006858401649323616,197,0,20260903,20260922T172819,1790078422,3
user_mean,history=3,test,coverage,5.0,0.004513217279174726,197,0,20260903,20260922T172819,1790078422,3
user_mean,history=3,test,mean_popularity,5.0,104.10964467005076,197,0,20260903,20260922T172819,1790078422,3
user_mean,history=3,test,popularity_percentile,5.0,0.8311439331914198,197,0,20260903,20260922T172819,1790078422,3
user_mean,history=3,test,gini,5.0,0.9967487816931602,197,0,20260903,20260922T172819,1790078422,3
user_mean,history=3,test,precision_at_k,10.0,0.022335025380710662,197,0,20260903,20260922T172819,1790078422,3
user_mean,history=3,test,recall_at_k,10.0,0.02056042989838101,197,0,20260903,20260922T172819,1790078422,3
user_mean,history=3,test,coverage,10.0,0.008381689232753063,197,0,20260903,20260922T172819,1790078422,3
user_mean,history=3,test,mean_popularity,10.0,115.16954314720812,197,0,20260903,20260922T172819,1790078422,3
user_mean,history=3,test,popularity_percentile,10.0,0.8433273292942526,197,0,20260903,20260922T172819,1790078422,3
user_mean,history=3,test,gini,10.0,0.9935244005013959,197,0,20260903,20260922T172819,1790078422,3
user_mean,history=3,test,precision_at_k,20.0,0.0200507614213198,197,0,20260903,20260922T172819,1790078422,3
user_mean,history=3,test,recall_at_k,20.0,0.036847350796105086,197,0,20260903,20260922T172819,1790078422,3
user_mean,history=3,test,coverage,20.0,0.014829142488716958,197,0,20260903,20260922T172819,1790078422,3
user_mean,history=3,test,mean_popularity,20.0,100.76725888324873,197,0,20260903,20260922T172819,1790078422,3
user_mean,history=3,test,popularity_percentile,20.0,0.8181483543474702,197,0,20260903,20260922T172819,1790078422,3
user_mean,history=3,test,gini,20.0,0.9870645105335677,197,0,20260903,20260922T172819,1790078422,3
item_mean,history=3,test,rmse,,1.0750264619018257,200,5081,20260903,20260922T172819,1790078422,3
item_mean,history=3,test,mae,,0.8600303026323532,200,5081,20260903,20260922T172819,1790078422,3
item_mean,history=3,test,precision_at_k,5.0,0.023350253807106598,197,0,20260903,20260922T172819,1790078422,3
item_mean,history=3,test,recall_at_k,5.0,0.009435596870536706,197,0,20260903,20260922T172819,1790078422,3
item_mean,history=3,test,coverage,5.0,0.004513217279174726,197,0,20260903,20260922T172819,1790078422,3
item_mean,history=3,test,mean_popularity,5.0,134.96954314720813,197,0,20260903,20260922T172819,1790078422,3
item_mean,history=3,test,popularity_percentile,5.0,0.9249955788439496,197,0,20260903,20260922T172819,1790078422,3
item_mean,history=3,test,gini,5.0,0.9967644912239361,197,0,20260903,20260922T172819,1790078422,3
item_mean,history=3,test,precision_at_k,10.0,0.029441624365482238,197,0,20260903,20260922T172819,1790078422,3
item_mean,history=3,test,recall_at_k,10.0,0.022893033612080907,197,0,20260903,20260922T172819,1790078422,3
item_mean,history=3,test,coverage,10.0,0.007736943907156673,197,0,20260903,20260922T172819,1790078422,3
item_mean,history=3,test,mean_popularity,10.0,171.16954314720812,197,0,20260903,20260922T172819,1790078422,3
item_mean,history=3,test,popularity_percentile,10.0,0.9460566562960537,197,0,20260903,20260922T172819,1790078422,3
item_mean,history=3,test,gini,10.0,0.9935204731187018,197,0,20260903,20260922T172819,1790078422,3
item_mean,history=3,test,precision_at_k,20.0,0.0266497461928934,197,0,20260903,20260922T172819,1790078422,3
item_mean,history=3,test,recall_at_k,20.0,0.0403596340654409,197,0,20260903,20260922T172819,1790078422,3
item_mean,history=3,test,coverage,20.0,0.014184397163120567,197,0,20260903,20260922T172819,1790078422,3
item_mean,history=3,test,mean_popularity,20.0,151.04162436548222,197,0,20260903,20260922T172819,1790078422,3
item_mean,history=3,test,popularity_percentile,20.0,0.9300609137055836,197,0,20260903,20260922T172819,1790078422,3
item_mean,history=3,test,gini,20.0,0.9870635286878942,197,0,20260903,20260922T172819,1790078422,3
most_popular,history=3,test,rmse,,1.2073918423392815,200,5081,20260903,20260922T172819,1790078423,3
most_popular,history=3,test,mae,,0.9965818325940341,200,5081,20260903,20260922T172819,1790078423,3
most_popular,history=3,test,precision_at_k,5.0,0.04974619289340102,197,0,20260903,20260922T172819,1790078423,3
most_popular,history=3,test,recall_at_k,5.0,0.020713974189838905,197,0,20260903,20260922T172819,1790078423,3
most_popular,history=3,test,coverage,5.0,0.0038684719535783366,197,0,20260903,20260922T172819,1790078423,3
most_popular,history=3,test,mean_popularity,5.0,353.91573604060915,197,0,20260903,20260922T172819,1790078423,3
most_popular,history=3,test,popularity_percentile,5.0,0.9986978876698871,197,0,20260903,20260922T172819,1790078423,3
most_popular,history=3,test,gini,5.0,0.9967553273309835,197,0,20260903,20260922T172819,1790078423,3
most_popular,history=3,test,precision_at_k,10.0,0.04111675126903554,197,0,20260903,20260922T172819,1790078423,3
most_popular,history=3,test,recall_at_k,10.0,0.03496930891609813,197,0,20260903,20260922T172819,1790078423,3
most_popular,history=3,test,coverage,10.0,0.007736943907156673,197,0,20260903,20260922T172819,1790078423,3
most_popular,history=3,test,mean_popularity,10.0,331.6218274111675,197,0,20260903,20260922T172819,1790078423,3
most_popular,history=3,test,popularity_percentile,10.0,0.9970650073685935,197,0,20260903,20260922T172819,1790078423,3
most_popular,history=3,test,gini,10.0,0.9935100000981846,197,0,20260903,20260922T172819,1790078423,3
most_popular,history=3,test,precision_at_k,20.0,0.042639593908629446,197,0,20260903,20260922T172819,1790078423,3
most_popular,history=3,test,recall_at_k,20.0,0.0798866507335738,197,0,20260903,20260922T172819,1790078423,3
most_popular,history=3,test,coverage,20.0,0.014829142488716958,197,0,20260903,20260922T172819,1790078423,3
most_popular,history=3,test,mean_popularity,20.0,282.7873096446701,197,0,20260903,20260922T172819,1790078423,3
most_popular,history=3,test,popularity_percentile,20.0,0.9937992467660061,197,0,20260903,20260922T172819,1790078423,3
most_popular,history=3,test,gini,20.0,0.9870209820420426,197,0,20260903,20260922T172819,1790078423,3
content,history=3,test,rmse,,1.23509869048609,200,5081,20260903,20260922T172819,1790078423,3
content,history=3,test,mae,,0.9778346718376337,200,5081,20260903,20260922T172819,1790078423,3
content,history=3,test,precision_at_k,5.0,0.02030456852791878,197,0,20260903,20260922T172819,1790078423,3
content,history=3,test,recall_at_k,5.0,0.005887208056844089,197,0,20260903,20260922T172819,1790078423,3
content,history=3,test,coverage,5.0,0.29916183107672467,197,0,20260903,20260922T172819,1790078423,3
content,history=3,test,mean_popularity,5.0,47.56040609137056,197,0,20260903,20260922T172819,1790078423,3
content,history=3,test,popularity_percentile,5.0,0.599913541837236,197,0,20260903,20260922T172819,1790078423,3
content,history=3,test,gini,5.0,0.8110555822835767,197,0,20260903,20260922T172819,1790078423,3
content,history=3,test,precision_at_k,10.0,0.017258883248730966,197,0,20260903,20260922T172819,1790078423,3
content,history=3,test,recall_at_k,10.0,0.012022651783546083,197,0,20260903,20260922T172819,1790078423,3
content,history=3,test,coverage,10.0,0.4203739522888459,197,0,20260903,20260922T172819,1790078423,3
content,history=3,test,mean_popularity,10.0,48.381218274111674,197,0,20260903,20260922T172819,1790078423,3
content,history=3,test,popularity_percentile,10.0,0.5988947109873914,197,0,20260903,20260922T172819,1790078423,3
content,history=3,test,gini,10.0,0.7661335244659577,197,0,20260903,20260922T172819,1790078423,3
content,history=3,test,precision_at_k,20.0,0.01700507614213198,197,0,20260903,20260922T172819,1790078423,3
content,history=3,test,recall_at_k,20.0,0.031613347119243705,197,0,20260903,20260922T172819,1790078423,3
content,history=3,test,coverage,20.0,0.5519019987105094,197,0,20260903,20260922T172819,1790078423,3
content,history=3,test,mean_popularity,20.0,46.4248730964467,197,0,20260903,20260922T172819,1790078423,3
content,history=3,test,popularity_percentile,20.0,0.5818902898313412,197,0,20260903,20260922T172819,1790078423,3
content,history=3,test,gini,20.0,0.711933352315683,197,0,20260903,20260922T172819,1790078423,3
item_knn,history=3,test,rmse,,1.2078715622238017,200,5081,20260903,20260922T172819,1790078427,3
item_knn,history=3,test,mae,,0.9510258318693191,200,5081,20260903,20260922T172819,1790078427,3
item_knn,history=3,test,precision_at_k,5.0,0.021319796954314723,197,0,20260903,20260922T172819,1790078427,3
item_knn,history=3,test,recall_at_k,5.0,0.00877401675413969,197,0,20260903,20260922T172819,1790078427,3
item_knn,history=3,test,coverage,5.0,0.10444874274661509,197,0,20260903,20260922T172819,1790078427,3
item_knn,history=3,test,mean_popularity,5.0,125.59086294416244,197,0,20260903,20260922T172819,1790078427,3
item_knn,history=3,test,popularity_percentile,5.0,0.8722528246274768,197,0,20260903,20260922T172819,1790078427,3
item_knn,history=3,test,gini,5.0,0.9567955175472186,197,0,20260903,20260922T172819,1790078427,3
item_knn,history=3,test,precision_at_k,10.0,0.020812182741116753,197,0,20260903,20260922T172819,1790078427,3
item_knn,history=3,test,recall_at_k,10.0,0.017027668910036823,197,0,20260903,20260922T172819,1790078427,3
item_knn,history=3,test,coverage,10.0,0.16827852998065765,197,0,20260903,20260922T172819,1790078427,3
item_knn,history=3,test,mean_popularity,10.0,114.5228426395939,197,0,20260903,20260922T172819,1790078427,3
item_knn,history=3,test,popularity_percentile,10.0,0.844759783854593,197,0,20260903,20260922T172819,1790078427,3
item_knn,history=3,test,gini,10.0,0.9335408300523323,197,0,20260903,20260922T172819,1790078427,3
item_knn,history=3,test,precision_at_k,20.0,0.017005076142131977,197,0,20260903,20260922T172819,1790078427,3
item_knn,history=3,test,recall_at_k,20.0,0.024293537410775848,197,0,20260903,20260922T172819,1790078427,3
item_knn,history=3,test,coverage,20.0,0.2695035460992908,197,0,20260903,20260922T172819,1790078427,3
item_knn,history=3,test,mean_popularity,20.0,100.93781725888324,197,0,20260903,20260922T172819,1790078427,3
item_knn,history=3,test,popularity_percentile,20.0,0.8091383658097265,197,0,20260903,20260922T172819,1790078427,3
item_knn,history=3,test,gini,20.0,0.8962398583523975,197,0,20260903,20260922T172819,1790078427,3
item_knn_ranking,history=3,test,rmse,,1.180119666688438,200,5081,20260903,20260922T172819,1790078430,3
item_knn_ranking,history=3,test,mae,,0.9332126140077305,200,5081,20260903,20260922T172819,1790078430,3
item_knn_ranking,history=3,test,precision_at_k,5.0,0.021319796954314723,197,0,20260903,20260922T172819,1790078430,3
item_knn_ranking,history=3,test,recall_at_k,5.0,0.010066839921981284,197,0,20260903,20260922T172819,1790078430,3
item_knn_ranking,history=3,test,coverage,5.0,0.09800128949065119,197,0,20260903,20260922T172819,1790078430,3
item_knn_ranking,history=3,test,mean_popularity,5.0,130.08020304568527,197,0,20260903,20260922T172819,1790078430,3
item_knn_ranking,history=3,test,popularity_percentile,5.0,0.8892189290977567,197,0,20260903,20260922T172819,1790078430,3
item_knn_ranking,history=3,test,gini,5.0,0.9646201730012076,197,0,20260903,20260922T172819,1790078430,3
item_knn_ranking,history=3,test,precision_at_k,10.0,0.027411167512690356,197,0,20260903,20260922T172819,1790078430,3
item_knn_ranking,history=3,test,recall_at_k,10.0,0.021899477997783898,197,0,20260903,20260922T172819,1790078430,3
item_knn_ranking,history=3,test,coverage,10.0,0.15860735009671179,197,0,20260903,20260922T172819,1790078430,3
item_knn_ranking,history=3,test,mean_popularity,10.0,128.33553299492385,197,0,20260903,20260922T172819,1790078430,3
item_knn_ranking,history=3,test,popularity_percentile,10.0,0.8748242999836254,197,0,20260903,20260922T172819,1790078430,3
item_knn_ranking,history=3,test,gini,10.0,0.9452385394063761,197,0,20260903,20260922T172819,1790078430,3
item_knn_ranking,history=3,test,precision_at_k,20.0,0.024619289340101526,197,0,20260903,20260922T172819,1790078430,3
item_knn_ranking,history=3,test,recall_at_k,20.0,0.03702564580596908,197,0,20260903,20260922T172819,1790078430,3
item_knn_ranking,history=3,test,coverage,20.0,0.2366215344938749,197,0,20260903,20260922T172819,1790078430,3
item_knn_ranking,history=3,test,mean_popularity,20.0,115.5522842639594,197,0,20260903,20260922T172819,1790078430,3
item_knn_ranking,history=3,test,popularity_percentile,20.0,0.8536806942852463,197,0,20260903,20260922T172819,1790078430,3
item_knn_ranking,history=3,test,gini,20.0,0.9165895917812972,197,0,20260903,20260922T172819,1790078430,3
mf,history=3,test,rmse,,1.0660584183134936,200,5081,20260903,20260922T172819,1790078460,3
mf,history=3,test,mae,,0.8485539132874446,200,5081,20260903,20260922T172819,1790078460,3
mf,history=3,test,precision_at_k,5.0,0.029441624365482238,197,0,20260903,20260922T172819,1790078460,3
mf,history=3,test,recall_at_k,5.0,0.011536181659679672,197,0,20260903,20260922T172819,1790078460,3
mf,history=3,test,coverage,5.0,0.02127659574468085,197,0,20260903,20260922T172819,1790078460,3
mf,history=3,test,mean_popularity,5.0,168.7766497461929,197,0,20260903,20260922T172819,1790078460,3
mf,history=3,test,popularity_percentile,5.0,0.9491016865891598,197,0,20260903,20260922T172819,1790078460,3
mf,history=3,test,gini,5.0,0.9940467423996963,197,0,20260903,20260922T172819,1790078460,3
mf,history=3,test,precision_at_k,10.0,0.030456852791878174,197,0,20260903,20260922T172819,1790078460,3
mf,history=3,test,recall_at_k,10.0,0.023669254557369727,197,0,20260903,20260922T172819,1790078460,3
mf,history=3,test,coverage,10.0,0.032237266279819474,197,0,20260903,20260922T172819,1790078460,3
mf,history=3,test,mean_popularity,10.0,166.01218274111676,197,0,20260903,20260922T172819,1790078460,3
mf,history=3,test,popularity_percentile,10.0,0.9435349598821025,197,0,20260903,20260922T172819,1790078460,3
mf,history=3,test,gini,10.0,0.9897292396914387,197,0,20260903,20260922T172819,1790078460,3
mf,history=3,test,precision_at_k,20.0,0.029949238578680204,197,0,20260903,20260922T172819,1790078460,3
mf,history=3,test,recall_at_k,20.0,0.04520027088527206,197,0,20260903,20260922T172819,1790078460,3
mf,history=3,test,coverage,20.0,0.05738233397807866,197,0,20260903,20260922T172819,1790078460,3
mf,history=3,test,mean_popularity,20.0,153.71979695431472,197,0,20260903,20260922T172819,1790078460,3
mf,history=3,test,popularity_percentile,20.0,0.9320407728835762,197,0,20260903,20260922T172819,1790078460,3
mf,history=3,test,gini,20.0,0.9817985449047119,197,0,20260903,20260922T172819,1790078460,3
mf_ranking,history=3,test,rmse,,1.0659730464655086,200,5081,20260903,20260922T172819,1790078479,3
mf_ranking,history=3,test,mae,,0.8492093529449349,200,5081,20260903,20260922T172819,1790078479,3
mf_ranking,history=3,test,precision_at_k,5.0,0.03248730964467005,197,0,20260903,20260922T172819,1790078479,3
mf_ranking,history=3,test,recall_at_k,5.0,0.012040864323519893,197,0,20260903,20260922T172819,1790078479,3
mf_ranking,history=3,test,coverage,5.0,0.016763378465506126,197,0,20260903,20260922T172819,1790078479,3
mf_ranking,history=3,test,mean_popularity,5.0,167.4730964467005,197,0,20260903,20260922T172819,1790078479,3
mf_ranking,history=3,test,popularity_percentile,5.0,0.949216964139512,197,0,20260903,20260922T172819,1790078479,3
mf_ranking,history=3,test,gini,5.0,0.9940035411900624,197,0,20260903,20260922T172819,1790078479,3
mf_ranking,history=3,test,precision_at_k,10.0,0.030964467005076143,197,0,20260903,20260922T172819,1790078479,3
mf_ranking,history=3,test,recall_at_k,10.0,0.025938416185716382,197,0,20260903,20260922T172819,1790078479,3
mf_ranking,history=3,test,coverage,10.0,0.030947775628626693,197,0,20260903,20260922T172819,1790078479,3
mf_ranking,history=3,test,mean_popularity,10.0,166.31218274111674,197,0,20260903,20260922T172819,1790078479,3
mf_ranking,history=3,test,popularity_percentile,10.0,0.9449133780907156,197,0,20260903,20260922T172819,1790078479,3
mf_ranking,history=3,test,gini,10.0,0.9899184086245324,197,0,20260903,20260922T172819,1790078479,3
mf_ranking,history=3,test,precision_at_k,20.0,0.02893401015228426,197,0,20260903,20260922T172819,1790078479,3
mf_ranking,history=3,test,recall_at_k,20.0,0.04703388368232534,197,0,20260903,20260922T172819,1790078479,3
mf_ranking,history=3,test,coverage,20.0,0.04964539007092199,197,0,20260903,20260922T172819,1790078479,3
mf_ranking,history=3,test,mean_popularity,20.0,148.32741116751268,197,0,20260903,20260922T172819,1790078479,3
mf_ranking,history=3,test,popularity_percentile,20.0,0.9273096446700508,197,0,20260903,20260922T172819,1790078479,3
mf_ranking,history=3,test,gini,20.0,0.9811518358877684,197,0,20260903,20260922T172819,1790078479,3
hybrid,history=3,test,rmse,,1.0629914214350944,200,5081,20260903,20260922T172819,1790078509,3
hybrid,history=3,test,mae,,0.8469763030997994,200,5081,20260903,20260922T172819,1790078509,3
hybrid,history=3,test,precision_at_k,5.0,0.03147208121827411,197,0,20260903,20260922T172819,1790078509,3
hybrid,history=3,test,recall_at_k,5.0,0.011938936181154656,197,0,20260903,20260922T172819,1790078509,3
hybrid,history=3,test,coverage,5.0,0.02321083172147002,197,0,20260903,20260922T172819,1790078509,3
hybrid,history=3,test,mean_popularity,5.0,170.6730964467005,197,0,20260903,20260922T172819,1790078509,3
hybrid,history=3,test,popularity_percentile,5.0,0.9504489929588997,197,0,20260903,20260922T172819,1790078509,3
hybrid,history=3,test,gini,5.0,0.993582002114241,197,0,20260903,20260922T172819,1790078509,3
hybrid,history=3,test,precision_at_k,10.0,0.028934010152284265,197,0,20260903,20260922T172819,1790078509,3
hybrid,history=3,test,recall_at_k,10.0,0.02369095549838362,197,0,20260903,20260922T172819,1790078509,3
hybrid,history=3,test,coverage,10.0,0.03481624758220503,197,0,20260903,20260922T172819,1790078509,3
hybrid,history=3,test,mean_popularity,10.0,166.16649746192894,197,0,20260903,20260922T172819,1790078509,3
hybrid,history=3,test,popularity_percentile,10.0,0.9435280825282463,197,0,20260903,20260922T172819,1790078509,3
hybrid,history=3,test,gini,10.0,0.9893273375290872,197,0,20260903,20260922T172819,1790078509,3
hybrid,history=3,test,precision_at_k,20.0,0.031218274111675128,197,0,20260903,20260922T172819,1790078509,3
hybrid,history=3,test,recall_at_k,20.0,0.04805852022194778,197,0,20260903,20260922T172819,1790078509,3
hybrid,history=3,test,coverage,20.0,0.06060606060606061,197,0,20260903,20260922T172819,1790078509,3
hybrid,history=3,test,mean_popularity,20.0,154.81472081218274,197,0,20260903,20260922T172819,1790078509,3
hybrid,history=3,test,popularity_percentile,20.0,0.9332859014245947,197,0,20260903,20260922T172819,1790078509,3
hybrid,history=3,test,gini,20.0,0.9813321682098007,197,0,20260903,20260922T172819,1790078509,3
hybrid_frontier,history=3,test,rmse,,1.0697463588680824,200,5081,20260903,20260922T172819,1790078538,3
hybrid_frontier,history=3,test,mae,,0.8546944461690807,200,5081,20260903,20260922T172819,1790078538,3
hybrid_frontier,history=3,test,precision_at_k,5.0,0.03857868020304569,197,0,20260903,20260922T172819,1790078538,3
hybrid_frontier,history=3,test,recall_at_k,5.0,0.015278761759606891,197,0,20260903,20260922T172819,1790078538,3
hybrid_frontier,history=3,test,coverage,5.0,0.08897485493230174,197,0,20260903,20260922T172819,1790078538,3
hybrid_frontier,history=3,test,mean_popularity,5.0,163.2741116751269,197,0,20260903,20260922T172819,1790078538,3
hybrid_frontier,history=3,test,popularity_percentile,5.0,0.9225393810381529,197,0,20260903,20260922T172819,1790078538,3
hybrid_frontier,history=3,test,gini,5.0,0.9755657885693527,197,0,20260903,20260922T172819,1790078538,3
hybrid_frontier,history=3,test,precision_at_k,10.0,0.03604060913705583,197,0,20260903,20260922T172819,1790078538,3
hybrid_frontier,history=3,test,recall_at_k,10.0,0.033831892360628536,197,0,20260903,20260922T172819,1790078538,3
hybrid_frontier,history=3,test,coverage,10.0,0.13346228239845262,197,0,20260903,20260922T172819,1790078538,3
hybrid_frontier,history=3,test,mean_popularity,10.0,153.63553299492386,197,0,20260903,20260922T172819,1790078538,3
hybrid_frontier,history=3,test,popularity_percentile,10.0,0.9140085148190601,197,0,20260903,20260922T172819,1790078538,3
hybrid_frontier,history=3,test,gini,10.0,0.9650122567068241,197,0,20260903,20260922T172819,1790078538,3
hybrid_frontier,history=3,test,precision_at_k,20.0,0.029695431472081216,197,0,20260903,20260922T172819,1790078538,3
hybrid_frontier,history=3,test,recall_at_k,20.0,0.049210722865523436,197,0,20260903,20260922T172819,1790078538,3
hybrid_frontier,history=3,test,coverage,20.0,0.19084461637653127,197,0,20260903,20260922T172819,1790078538,3
hybrid_frontier,history=3,test,mean_popularity,20.0,140.82868020304568,197,0,20260903,20260922T172819,1790078538,3
hybrid_frontier,history=3,test,popularity_percentile,20.0,0.9017329294252496,197,0,20260903,20260922T172819,1790078538,3
hybrid_frontier,history=3,test,gini,20.0,0.9540185307006778,197,0,20260903,20260922T172819,1790078538,3
global_mean,history=5,test,rmse,,1.2074929510814771,200,5081,20260903,20260922T172819,1790078538,5
global_mean,history=5,test,mae,,0.996601555117142,200,5081,20260903,20260922T172819,1790078538,5
global_mean,history=5,test,precision_at_k,5.0,0.019289340101522848,197,0,20260903,20260922T172819,1790078538,5
global_mean,history=5,test,recall_at_k,5.0,0.006858401649323616,197,0,20260903,20260922T172819,1790078538,5
global_mean,history=5,test,coverage,5.0,0.004513217279174726,197,0,20260903,20260922T172819,1790078538,5
global_mean,history=5,test,mean_popularity,5.0,104.5766497461929,197,0,20260903,20260922T172819,1790078538,5
global_mean,history=5,test,popularity_percentile,5.0,0.8315323399377763,197,0,20260903,20260922T172819,1790078538,5
global_mean,history=5,test,gini,5.0,0.9967356904175135,197,0,20260903,20260922T172819,1790078538,5
global_mean,history=5,test,precision_at_k,10.0,0.022335025380710662,197,0,20260903,20260922T172819,1790078538,5
global_mean,history=5,test,recall_at_k,10.0,0.02056042989838101,197,0,20260903,20260922T172819,1790078538,5
global_mean,history=5,test,coverage,10.0,0.008381689232753063,197,0,20260903,20260922T172819,1790078538,5
global_mean,history=5,test,mean_popularity,10.0,115.77106598984771,197,0,20260903,20260922T172819,1790078538,5
global_mean,history=5,test,popularity_percentile,10.0,0.8437285082691992,197,0,20260903,20260922T172819,1790078538,5
global_mean,history=5,test,gini,10.0,0.9935067272792729,197,0,20260903,20260922T172819,1790078538,5
global_mean,history=5,test,precision_at_k,20.0,0.0200507614213198,197,0,20260903,20260922T172819,1790078538,5
global_mean,history=5,test,recall_at_k,20.0,0.036847350796105086,197,0,20260903,20260922T172819,1790078538,5
global_mean,history=5,test,coverage,20.0,0.014829142488716958,197,0,20260903,20260922T172819,1790078538,5
global_mean,history=5,test,mean_popularity,20.0,101.12918781725888,197,0,20260903,20260922T172819,1790078538,5
global_mean,history=5,test,popularity_percentile,20.0,0.8176613721958407,197,0,20260903,20260922T172819,1790078538,5
global_mean,history=5,test,gini,20.0,0.9870360370090363,197,0,20260903,20260922T172819,1790078538,5
user_mean,history=5,test,rmse,,1.1556857435622276,200,5081,20260903,20260922T172819,1790078538,5
user_mean,history=5,test,mae,,0.9429850207432172,200,5081,20260903,20260922T172819,1790078538,5
user_mean,history=5,test,precision_at_k,5.0,0.019289340101522848,197,0,20260903,20260922T172819,1790078538,5
user_mean,history=5,test,recall_at_k,5.0,0.006858401649323616,197,0,20260903,20260922T172819,1790078538,5
user_mean,history=5,test,coverage,5.0,0.004513217279174726,197,0,20260903,20260922T172819,1790078538,5
user_mean,history=5,test,mean_popularity,5.0,104.5766497461929,197,0,20260903,20260922T172819,1790078538,5
user_mean,history=5,test,popularity_percentile,5.0,0.8315323399377763,197,0,20260903,20260922T172819,1790078538,5
user_mean,history=5,test,gini,5.0,0.9967356904175135,197,0,20260903,20260922T172819,1790078538,5
user_mean,history=5,test,precision_at_k,10.0,0.022335025380710662,197,0,20260903,20260922T172819,1790078538,5
user_mean,history=5,test,recall_at_k,10.0,0.02056042989838101,197,0,20260903,20260922T172819,1790078538,5
user_mean,history=5,test,coverage,10.0,0.008381689232753063,197,0,20260903,20260922T172819,1790078538,5
user_mean,history=5,test,mean_popularity,10.0,115.77106598984771,197,0,20260903,20260922T172819,1790078538,5
user_mean,history=5,test,popularity_percentile,10.0,0.8437285082691992,197,0,20260903,20260922T172819,1790078538,5
user_mean,history=5,test,gini,10.0,0.9935067272792729,197,0,20260903,20260922T172819,1790078538,5
user_mean,history=5,test,precision_at_k,20.0,0.0200507614213198,197,0,20260903,20260922T172819,1790078538,5
user_mean,history=5,test,recall_at_k,20.0,0.036847350796105086,197,0,20260903,20260922T172819,1790078538,5
user_mean,history=5,test,coverage,20.0,0.014829142488716958,197,0,20260903,20260922T172819,1790078538,5
user_mean,history=5,test,mean_popularity,20.0,101.12918781725888,197,0,20260903,20260922T172819,1790078538,5
user_mean,history=5,test,popularity_percentile,20.0,0.8176613721958407,197,0,20260903,20260922T172819,1790078538,5
user_mean,history=5,test,gini,20.0,0.9870360370090363,197,0,20260903,20260922T172819,1790078538,5
item_mean,history=5,test,rmse,,1.075003834021776,200,5081,20260903,20260922T172819,1790078538,5
item_mean,history=5,test,mae,,0.8597190364212314,200,5081,20260903,20260922T172819,1790078538,5
item_mean,history=5,test,precision_at_k,5.0,0.023350253807106598,197,0,20260903,20260922T172819,1790078538,5
item_mean,history=5,test,recall_at_k,5.0,0.009435596870536706,197,0,20260903,20260922T172819,1790078538,5
item_mean,history=5,test,coverage,5.0,0.004513217279174726,197,0,20260903,20260922T172819,1790078538,5
item_mean,history=5,test,mean_popularity,5.0,135.71065989847716,197,0,20260903,20260922T172819,1790078538,5
item_mean,history=5,test,popularity_percentile,5.0,0.9245678729327003,197,0,20260903,20260922T172819,1790078538,5
item_mean,history=5,test,gini,5.0,0.9967540182034188,197,0,20260903,20260922T172819,1790078538,5
item_mean,history=5,test,precision_at_k,10.0,0.029441624365482238,197,0,20260903,20260922T172819,1790078538,5
item_mean,history=5,test,recall_at_k,10.0,0.022893033612080907,197,0,20260903,20260922T172819,1790078538,5
item_mean,history=5,test,coverage,10.0,0.007736943907156673,197,0,20260903,20260922T172819,1790078538,5
item_mean,history=5,test,mean_popularity,10.0,170.72233502538072,197,0,20260903,20260922T172819,1790078538,5
item_mean,history=5,test,popularity_percentile,10.0,0.9442786965776977,197,0,20260903,20260922T172819,1790078538,5
item_mean,history=5,test,gini,10.0,0.9934969088225379,197,0,20260903,20260922T172819,1790078538,5
item_mean,history=5,test,precision_at_k,20.0,0.026395939086294413,197,0,20260903,20260922T172819,1790078538,5
item_mean,history=5,test,recall_at_k,20.0,0.0401595169236994,197,0,20260903,20260922T172819,1790078538,5
item_mean,history=5,test,coverage,20.0,0.014829142488716958,197,0,20260903,20260922T172819,1790078538,5
item_mean,history=5,test,mean_popularity,20.0,151.45583756345178,197,0,20260903,20260922T172819,1790078538,5
item_mean,history=5,test,popularity_percentile,20.0,0.9293433764532504,197,0,20260903,20260922T172819,1790078538,5
item_mean,history=5,test,gini,20.0,0.9870324369082334,197,0,20260903,20260922T172819,1790078538,5
most_popular,history=5,test,rmse,,1.2074929510814771,200,5081,20260903,20260922T172819,1790078538,5
most_popular,history=5,test,mae,,0.996601555117142,200,5081,20260903,20260922T172819,1790078538,5
most_popular,history=5,test,precision_at_k,5.0,0.04974619289340102,197,0,20260903,20260922T172819,1790078538,5
most_popular,history=5,test,recall_at_k,5.0,0.020713974189838905,197,0,20260903,20260922T172819,1790078538,5
most_popular,history=5,test,coverage,5.0,0.004513217279174726,197,0,20260903,20260922T172819,1790078538,5
most_popular,history=5,test,mean_popularity,5.0,355.61421319796955,197,0,20260903,20260922T172819,1790078538,5
most_popular,history=5,test,popularity_percentile,5.0,0.99855510070411,197,0,20260903,20260922T172819,1790078538,5
most_popular,history=5,test,gini,5.0,0.9967278356521255,197,0,20260903,20260922T172819,1790078538,5
most_popular,history=5,test,precision_at_k,10.0,0.04111675126903554,197,0,20260903,20260922T172819,1790078538,5
most_popular,history=5,test,recall_at_k,10.0,0.03496930891609813,197,0,20260903,20260922T172819,1790078538,5
most_popular,history=5,test,coverage,10.0,0.007736943907156673,197,0,20260903,20260922T172819,1790078538,5
most_popular,history=5,test,mean_popularity,10.0,332.3548223350254,197,0,20260903,20260922T172819,1790078538,5
most_popular,history=5,test,popularity_percentile,10.0,0.9970293106271491,197,0,20260903,20260922T172819,1790078538,5
most_popular,history=5,test,gini,10.0,0.9934779264728504,197,0,20260903,20260922T172819,1790078538,5
most_popular,history=5,test,precision_at_k,20.0,0.042639593908629446,197,0,20260903,20260922T172819,1790078538,5
most_popular,history=5,test,recall_at_k,20.0,0.0798866507335738,197,0,20260903,20260922T172819,1790078538,5
most_popular,history=5,test,coverage,20.0,0.014829142488716958,197,0,20260903,20260922T172819,1790078538,5
most_popular,history=5,test,mean_popularity,20.0,283.7215736040609,197,0,20260903,20260922T172819,1790078538,5
most_popular,history=5,test,popularity_percentile,20.0,0.9937409530047485,197,0,20260903,20260922T172819,1790078538,5
most_popular,history=5,test,gini,20.0,0.9869457072070745,197,0,20260903,20260922T172819,1790078538,5
content,history=5,test,rmse,,1.2095551024370106,200,5081,20260903,20260922T172819,1790078539,5
content,history=5,test,mae,,0.9561081732698331,200,5081,20260903,20260922T172819,1790078539,5
content,history=5,test,precision_at_k,5.0,0.023350253807106598,197,0,20260903,20260922T172819,1790078539,5
content,history=5,test,recall_at_k,5.0,0.005591876092912683,197,0,20260903,20260922T172819,1790078539,5
content,history=5,test,coverage,5.0,0.2927143778207608,197,0,20260903,20260922T172819,1790078539,5
content,history=5,test,mean_popularity,5.0,47.448730964467,197,0,20260903,20260922T172819,1790078539,5
content,history=5,test,popularity_percentile,5.0,0.5885999672506959,197,0,20260903,20260922T172819,1790078539,5
content,history=5,test,gini,5.0,0.8165316628865609,197,0,20260903,20260922T172819,1790078539,5
content,history=5,test,precision_at_k,10.0,0.02030456852791878,197,0,20260903,20260922T172819,1790078539,5
content,history=5,test,recall_at_k,10.0,0.01266504589995992,197,0,20260903,20260922T172819,1790078539,5
content,history=5,test,coverage,10.0,0.4190844616376531,197,0,20260903,20260922T172819,1790078539,5
content,history=5,test,mean_popularity,10.0,47.46700507614213,197,0,20260903,20260922T172819,1790078539,5
content,history=5,test,popularity_percentile,10.0,0.5888963484525953,197,0,20260903,20260922T172819,1790078539,5
content,history=5,test,gini,10.0,0.7639911372063872,197,0,20260903,20260922T172819,1790078539,5
content,history=5,test,precision_at_k,20.0,0.01598984771573604,197,0,20260903,20260922T172819,1790078539,5
content,history=5,test,recall_at_k,20.0,0.024407229510063747,197,0,20260903,20260922T172819,1790078539,5
content,history=5,test,coverage,20.0,0.5428755641521599,197,0,20260903,20260922T172819,1790078539,5
content,history=5,test,mean_popularity,20.0,45.959644670050764,197,0,20260903,20260922T172819,1790078539,5
content,history=5,test,popularity_percentile,20.0,0.5766536761093827,197,0,20260903,20260922T172819,1790078539,5
content,history=5,test,gini,20.0,0.728326902244172,197,0,20260903,20260922T172819,1790078539,5
item_knn,history=5,test,rmse,,1.1686319653288761,200,5081,20260903,20260922T172819,1790078543,5
item_knn,history=5,test,mae,,0.9176932746284827,200,5081,20260903,20260922T172819,1790078543,5
item_knn,history=5,test,precision_at_k,5.0,0.016243654822335026,197,0,20260903,20260922T172819,1790078543,5
item_knn,history=5,test,recall_at_k,5.0,0.006341492087412326,197,0,20260903,20260922T172819,1790078543,5
item_knn,history=5,test,coverage,5.0,0.14377820760799484,197,0,20260903,20260922T172819,1790078543,5
item_knn,history=5,test,mean_popularity,5.0,111.13197969543147,197,0,20260903,20260922T172819,1790078543,5
item_knn,history=5,test,popularity_percentile,5.0,0.8183415752415261,197,0,20260903,20260922T172819,1790078543,5
item_knn,history=5,test,gini,5.0,0.9379362258506875,197,0,20260903,20260922T172819,1790078543,5
item_knn,history=5,test,precision_at_k,10.0,0.017258883248730966,197,0,20260903,20260922T172819,1790078543,5
item_knn,history=5,test,recall_at_k,10.0,0.013232983089046184,197,0,20260903,20260922T172819,1790078543,5
item_knn,history=5,test,coverage,10.0,0.23726627981947132,197,0,20260903,20260922T172819,1790078543,5
item_knn,history=5,test,mean_popularity,10.0,100.27664974619289,197,0,20260903,20260922T172819,1790078543,5
item_knn,history=5,test,popularity_percentile,10.0,0.7877311282135254,197,0,20260903,20260922T172819,1790078543,5
item_knn,history=5,test,gini,10.0,0.9060668244165382,197,0,20260903,20260922T172819,1790078543,5
item_knn,history=5,test,precision_at_k,20.0,0.018781725888324875,197,0,20260903,20260922T172819,1790078543,5
item_knn,history=5,test,recall_at_k,20.0,0.02718996079765282,197,0,20260903,20260922T172819,1790078543,5
item_knn,history=5,test,coverage,20.0,0.37072856221792394,197,0,20260903,20260922T172819,1790078543,5
item_knn,history=5,test,mean_popularity,20.0,90.78451776649746,197,0,20260903,20260922T172819,1790078543,5
item_knn,history=5,test,popularity_percentile,20.0,0.7545403635172753,197,0,20260903,20260922T172819,1790078543,5
item_knn,history=5,test,gini,20.0,0.8633974478558127,197,0,20260903,20260922T172819,1790078543,5
item_knn_ranking,history=5,test,rmse,,1.1803133939230472,200,5081,20260903,20260922T172819,1790078546,5
item_knn_ranking,history=5,test,mae,,0.9372634087741808,200,5081,20260903,20260922T172819,1790078546,5
item_knn_ranking,history=5,test,precision_at_k,5.0,0.027411167512690356,197,0,20260903,20260922T172819,1790078546,5
item_knn_ranking,history=5,test,recall_at_k,5.0,0.011171534133425427,197,0,20260903,20260922T172819,1790078546,5
item_knn_ranking,history=5,test,coverage,5.0,0.13862024500322373,197,0,20260903,20260922T172819,1790078546,5
item_knn_ranking,history=5,test,mean_popularity,5.0,125.26192893401016,197,0,20260903,20260922T172819,1790078546,5
item_knn_ranking,history=5,test,popularity_percentile,5.0,0.861402980186671,197,0,20260903,20260922T172819,1790078546,5
item_knn_ranking,history=5,test,gini,5.0,0.9476198424464976,197,0,20260903,20260922T172819,1790078546,5
item_knn_ranking,history=5,test,precision_at_k,10.0,0.02588832487309645,197,0,20260903,20260922T172819,1790078546,5
item_knn_ranking,history=5,test,recall_at_k,10.0,0.020345706163001322,197,0,20260903,20260922T172819,1790078546,5
item_knn_ranking,history=5,test,coverage,10.0,0.22179239200515796,197,0,20260903,20260922T172819,1790078546,5
item_knn_ranking,history=5,test,mean_popularity,10.0,122.01015228426395,197,0,20260903,20260922T172819,1790078546,5
item_knn_ranking,history=5,test,popularity_percentile,10.0,0.8503248730964467,197,0,20260903,20260922T172819,1790078546,5
item_knn_ranking,history=5,test,gini,10.0,0.9208972760328198,197,0,20260903,20260922T172819,1790078546,5
item_knn_ranking,history=5,test,precision_at_k,20.0,0.023096446700507617,197,0,20260903,20260922T172819,1790078546,5
item_knn_ranking,history=5,test,recall_at_k,20.0,0.03414899106918831,197,0,20260903,20260922T172819,1790078546,5
item_knn_ranking,history=5,test,coverage,20.0,0.33268858800773693,197,0,20260903,20260922T172819,1790078546,5
item_knn_ranking,history=5,test,mean_popularity,20.0,107.88197969543147,197,0,20260903,20260922T172819,1790078546,5
item_knn_ranking,history=5,test,popularity_percentile,20.0,0.8210715572294087,197,0,20260903,20260922T172819,1790078546,5
item_knn_ranking,history=5,test,gini,20.0,0.8850216169689115,197,0,20260903,20260922T172819,1790078546,5
mf,history=5,test,rmse,,1.0623831276341125,200,5081,20260903,20260922T172819,1790078579,5
mf,history=5,test,mae,,0.8455017093971126,200,5081,20260903,20260922T172819,1790078579,5
mf,history=5,test,precision_at_k,5.0,0.03553299492385787,197,0,20260903,20260922T172819,1790078579,5
mf,history=5,test,recall_at_k,5.0,0.013378966360107714,197,0,20260903,20260922T172819,1790078579,5
mf,history=5,test,coverage,5.0,0.029013539651837523,197,0,20260903,20260922T172819,1790078579,5
mf,history=5,test,mean_popularity,5.0,171.6751269035533,197,0,20260903,20260922T172819,1790078579,5
mf,history=5,test,popularity_percentile,5.0,0.9491305059767481,197,0,20260903,20260922T172819,1790078579,5
mf,history=5,test,gini,5.0,0.9927245235593869,197,0,20260903,20260922T172819,1790078579,5
mf,history=5,test,precision_at_k,10.0,0.03350253807106599,197,0,20260903,20260922T172819,1790078579,5
mf,history=5,test,recall_at_k,10.0,0.030188975037912028,197,0,20260903,20260922T172819,1790078579,5
mf,history=5,test,coverage,10.0,0.041263700838168924,197,0,20260903,20260922T172819,1790078579,5
mf,history=5,test,mean_popularity,10.0,162.8055837563452,197,0,20260903,20260922T172819,1790078579,5
mf,history=5,test,popularity_percentile,10.0,0.9392582282626495,197,0,20260903,20260922T172819,1790078579,5
mf,history=5,test,gini,10.0,0.9887598307298059,197,0,20260903,20260922T172819,1790078579,5
mf,history=5,test,precision_at_k,20.0,0.028934010152284265,197,0,20260903,20260922T172819,1790078579,5
mf,history=5,test,recall_at_k,20.0,0.046441452893977116,197,0,20260903,20260922T172819,1790078579,5
mf,history=5,test,coverage,20.0,0.0735009671179884,197,0,20260903,20260922T172819,1790078579,5
mf,history=5,test,mean_popularity,20.0,150.15710659898477,197,0,20260903,20260922T172819,1790078579,5
mf,history=5,test,popularity_percentile,20.0,0.9271786474537416,197,0,20260903,20260922T172819,1790078579,5
mf,history=5,test,gini,20.0,0.9789678838280199,197,0,20260903,20260922T172819,1790078579,5
mf_ranking,history=5,test,rmse,,1.0573863615457306,200,5081,20260903,20260922T172819,1790078597,5
mf_ranking,history=5,test,mae,,0.8421689095365189,200,5081,20260903,20260922T172819,1790078597,5
mf_ranking,history=5,test,precision_at_k,5.0,0.030456852791878177,197,0,20260903,20260922T172819,1790078597,5
mf_ranking,history=5,test,recall_at_k,5.0,0.014200412526663202,197,0,20260903,20260922T172819,1790078597,5
mf_ranking,history=5,test,coverage,5.0,0.019987105093488073,197,0,20260903,20260922T172819,1790078597,5
mf_ranking,history=5,test,mean_popularity,5.0,168.51675126903552,197,0,20260903,20260922T172819,1790078597,5
mf_ranking,history=5,test,popularity_percentile,5.0,0.9467784509579172,197,0,20260903,20260922T172819,1790078597,5
mf_ranking,history=5,test,gini,5.0,0.9930897701499278,197,0,20260903,20260922T172819,1790078597,5
mf_ranking,history=5,test,precision_at_k,10.0,0.03451776649746193,197,0,20260903,20260922T172819,1790078597,5
mf_ranking,history=5,test,recall_at_k,10.0,0.028492496341319378,197,0,20260903,20260922T172819,1790078597,5
mf_ranking,history=5,test,coverage,10.0,0.03352675693101225,197,0,20260903,20260922T172819,1790078597,5
mf_ranking,history=5,test,mean_popularity,10.0,167.0,197,0,20260903,20260922T172819,1790078597,5
mf_ranking,history=5,test,popularity_percentile,10.0,0.9435365973473064,197,0,20260903,20260922T172819,1790078597,5
mf_ranking,history=5,test,gini,10.0,0.989161078328375,197,0,20260903,20260922T172819,1790078597,5
mf_ranking,history=5,test,precision_at_k,20.0,0.029695431472081216,197,0,20260903,20260922T172819,1790078597,5
mf_ranking,history=5,test,recall_at_k,20.0,0.04705872047969751,197,0,20260903,20260922T172819,1790078597,5
mf_ranking,history=5,test,coverage,20.0,0.04964539007092199,197,0,20260903,20260922T172819,1790078597,5
mf_ranking,history=5,test,mean_popularity,20.0,154.25837563451776,197,0,20260903,20260922T172819,1790078597,5
mf_ranking,history=5,test,popularity_percentile,20.0,0.9310713934828885,197,0,20260903,20260922T172819,1790078597,5
mf_ranking,history=5,test,gini,20.0,0.9808687370519101,197,0,20260903,20260922T172819,1790078597,5
hybrid,history=5,test,rmse,,1.0608871069745796,200,5081,20260903,20260922T172819,1790078630,5
hybrid,history=5,test,mae,,0.8454697917002877,200,5081,20260903,20260922T172819,1790078630,5
hybrid,history=5,test,precision_at_k,5.0,0.03248730964467006,197,0,20260903,20260922T172819,1790078630,5
hybrid,history=5,test,recall_at_k,5.0,0.012456117819870684,197,0,20260903,20260922T172819,1790078630,5
hybrid,history=5,test,coverage,5.0,0.030947775628626693,197,0,20260903,20260922T172819,1790078630,5
hybrid,history=5,test,mean_popularity,5.0,172.55329949238578,197,0,20260903,20260922T172819,1790078630,5
hybrid,history=5,test,popularity_percentile,5.0,0.9499145243163584,197,0,20260903,20260922T172819,1790078630,5
hybrid,history=5,test,gini,5.0,0.99236320435154,197,0,20260903,20260922T172819,1790078630,5
hybrid,history=5,test,precision_at_k,10.0,0.029949238578680204,197,0,20260903,20260922T172819,1790078630,5
hybrid,history=5,test,recall_at_k,10.0,0.026676296644027094,197,0,20260903,20260922T172819,1790078630,5
hybrid,history=5,test,coverage,10.0,0.04771115409413282,197,0,20260903,20260922T172819,1790078630,5
hybrid,history=5,test,mean_popularity,10.0,162.5208121827411,197,0,20260903,20260922T172819,1790078630,5
hybrid,history=5,test,popularity_percentile,10.0,0.9389376125757329,197,0,20260903,20260922T172819,1790078630,5
hybrid,history=5,test,gini,10.0,0.98774460230341,197,0,20260903,20260922T172819,1790078630,5
hybrid,history=5,test,precision_at_k,20.0,0.028934010152284265,197,0,20260903,20260922T172819,1790078630,5
hybrid,history=5,test,recall_at_k,20.0,0.04686634416226077,197,0,20260903,20260922T172819,1790078630,5
hybrid,history=5,test,coverage,20.0,0.07672469374597034,197,0,20260903,20260922T172819,1790078630,5
hybrid,history=5,test,mean_popularity,20.0,151.1489847715736,197,0,20260903,20260922T172819,1790078630,5
hybrid,history=5,test,popularity_percentile,20.0,0.9277519240216144,197,0,20260903,20260922T172819,1790078630,5
hybrid,history=5,test,gini,20.0,0.9782177537334682,197,0,20260903,20260922T172819,1790078630,5
hybrid_frontier,history=5,test,rmse,,1.0693477581903041,200,5081,20260903,20260922T172819,1790078662,5
hybrid_frontier,history=5,test,mae,,0.8542583808845132,200,5081,20260903,20260922T172819,1790078662,5
hybrid_frontier,history=5,test,precision_at_k,5.0,0.03553299492385787,197,0,20260903,20260922T172819,1790078662,5
hybrid_frontier,history=5,test,recall_at_k,5.0,0.014673482445050656,197,0,20260903,20260922T172819,1790078662,5
hybrid_frontier,history=5,test,coverage,5.0,0.07994842037395229,197,0,20260903,20260922T172819,1790078662,5
hybrid_frontier,history=5,test,mean_popularity,5.0,161.27512690355329,197,0,20260903,20260922T172819,1790078662,5
hybrid_frontier,history=5,test,popularity_percentile,5.0,0.9253479613558212,197,0,20260903,20260922T172819,1790078662,5
hybrid_frontier,history=5,test,gini,5.0,0.9775582807227693,197,0,20260903,20260922T172819,1790078662,5
hybrid_frontier,history=5,test,precision_at_k,10.0,0.03197969543147208,197,0,20260903,20260922T172819,1790078662,5
hybrid_frontier,history=5,test,recall_at_k,10.0,0.025477780237695404,197,0,20260903,20260922T172819,1790078662,5
hybrid_frontier,history=5,test,coverage,10.0,0.12121212121212122,197,0,20260903,20260922T172819,1790078662,5
hybrid_frontier,history=5,test,mean_popularity,10.0,153.02994923857867,197,0,20260903,20260922T172819,1790078662,5
hybrid_frontier,history=5,test,popularity_percentile,10.0,0.9163297854920585,197,0,20260903,20260922T172819,1790078662,5
hybrid_frontier,history=5,test,gini,10.0,0.9675696374043927,197,0,20260903,20260922T172819,1790078662,5
hybrid_frontier,history=5,test,precision_at_k,20.0,0.029949238578680204,197,0,20260903,20260922T172819,1790078662,5
hybrid_frontier,history=5,test,recall_at_k,20.0,0.046884477041553844,197,0,20260903,20260922T172819,1790078662,5
hybrid_frontier,history=5,test,coverage,20.0,0.17794970986460348,197,0,20260903,20260922T172819,1790078662,5
hybrid_frontier,history=5,test,mean_popularity,20.0,140.96979695431472,197,0,20260903,20260922T172819,1790078662,5
hybrid_frontier,history=5,test,popularity_percentile,20.0,0.9037098411658752,197,0,20260903,20260922T172819,1790078662,5
hybrid_frontier,history=5,test,gini,20.0,0.9549872850985283,197,0,20260903,20260922T172819,1790078662,5
global_mean,history=10,test,rmse,,1.2078333015383447,200,5081,20260903,20260922T172819,1790078662,10
global_mean,history=10,test,mae,,0.9966677053010526,200,5081,20260903,20260922T172819,1790078662,10
global_mean,history=10,test,precision_at_k,5.0,0.019289340101522848,197,0,20260903,20260922T172819,1790078662,10
global_mean,history=10,test,recall_at_k,5.0,0.006858401649323616,197,0,20260903,20260922T172819,1790078662,10
global_mean,history=10,test,coverage,5.0,0.004510309278350515,197,0,20260903,20260922T172819,1790078662,10
global_mean,history=10,test,mean_popularity,5.0,105.12791878172588,197,0,20260903,20260922T172819,1790078662,10
global_mean,history=10,test,popularity_percentile,5.0,0.8290168124707491,197,0,20260903,20260922T172819,1790078662,10
global_mean,history=10,test,gini,5.0,0.9967142445967868,197,0,20260903,20260922T172819,1790078662,10
global_mean,history=10,test,precision_at_k,10.0,0.022335025380710662,197,0,20260903,20260922T172819,1790078662,10
global_mean,history=10,test,recall_at_k,10.0,0.02056042989838101,197,0,20260903,20260922T172819,1790078662,10
global_mean,history=10,test,coverage,10.0,0.008376288659793814,197,0,20260903,20260922T172819,1790078662,10
global_mean,history=10,test,mean_popularity,10.0,117.50050761421319,197,0,20260903,20260922T172819,1790078662,10
global_mean,history=10,test,popularity_percentile,10.0,0.843501981691851,197,0,20260903,20260922T172819,1790078662,10
global_mean,history=10,test,gini,10.0,0.9934670835731854,197,0,20260903,20260922T172819,1790078662,10
global_mean,history=10,test,precision_at_k,20.0,0.0200507614213198,197,0,20260903,20260922T172819,1790078662,10
global_mean,history=10,test,recall_at_k,20.0,0.036847350796105086,197,0,20260903,20260922T172819,1790078662,10
global_mean,history=10,test,coverage,20.0,0.014819587628865979,197,0,20260903,20260922T172819,1790078662,10
global_mean,history=10,test,mean_popularity,20.0,102.27335025380711,197,0,20260903,20260922T172819,1790078662,10
global_mean,history=10,test,popularity_percentile,20.0,0.8160371399490094,197,0,20260903,20260922T172819,1790078662,10
global_mean,history=10,test,gini,20.0,0.9869753780940917,197,0,20260903,20260922T172819,1790078662,10
user_mean,history=10,test,rmse,,1.141503415662658,200,5081,20260903,20260922T172819,1790078663,10
user_mean,history=10,test,mae,,0.9223082772416135,200,5081,20260903,20260922T172819,1790078663,10
user_mean,history=10,test,precision_at_k,5.0,0.019289340101522848,197,0,20260903,20260922T172819,1790078663,10
user_mean,history=10,test,recall_at_k,5.0,0.006858401649323616,197,0,20260903,20260922T172819,1790078663,10
user_mean,history=10,test,coverage,5.0,0.004510309278350515,197,0,20260903,20260922T172819,1790078663,10
user_mean,history=10,test,mean_popularity,5.0,105.12791878172588,197,0,20260903,20260922T172819,1790078663,10
user_mean,history=10,test,popularity_percentile,5.0,0.8290168124707491,197,0,20260903,20260922T172819,1790078663,10
user_mean,history=10,test,gini,5.0,0.9967142445967868,197,0,20260903,20260922T172819,1790078663,10
user_mean,history=10,test,precision_at_k,10.0,0.022335025380710662,197,0,20260903,20260922T172819,1790078663,10
user_mean,history=10,test,recall_at_k,10.0,0.02056042989838101,197,0,20260903,20260922T172819,1790078663,10
user_mean,history=10,test,coverage,10.0,0.008376288659793814,197,0,20260903,20260922T172819,1790078663,10
user_mean,history=10,test,mean_popularity,10.0,117.50050761421319,197,0,20260903,20260922T172819,1790078663,10
user_mean,history=10,test,popularity_percentile,10.0,0.843501981691851,197,0,20260903,20260922T172819,1790078663,10
user_mean,history=10,test,gini,10.0,0.9934670835731854,197,0,20260903,20260922T172819,1790078663,10
user_mean,history=10,test,precision_at_k,20.0,0.0200507614213198,197,0,20260903,20260922T172819,1790078663,10
user_mean,history=10,test,recall_at_k,20.0,0.036847350796105086,197,0,20260903,20260922T172819,1790078663,10
user_mean,history=10,test,coverage,20.0,0.014819587628865979,197,0,20260903,20260922T172819,1790078663,10
user_mean,history=10,test,mean_popularity,20.0,102.27335025380711,197,0,20260903,20260922T172819,1790078663,10
user_mean,history=10,test,popularity_percentile,20.0,0.8160371399490094,197,0,20260903,20260922T172819,1790078663,10
user_mean,history=10,test,gini,20.0,0.9869753780940917,197,0,20260903,20260922T172819,1790078663,10
item_mean,history=10,test,rmse,,1.0755381202818342,200,5081,20260903,20260922T172819,1790078663,10
item_mean,history=10,test,mae,,0.8602215485574259,200,5081,20260903,20260922T172819,1790078663,10
item_mean,history=10,test,precision_at_k,5.0,0.024365482233502538,197,0,20260903,20260922T172819,1790078663,10
item_mean,history=10,test,recall_at_k,5.0,0.009943211083734676,197,0,20260903,20260922T172819,1790078663,10
item_mean,history=10,test,coverage,5.0,0.004510309278350515,197,0,20260903,20260922T172819,1790078663,10
item_mean,history=10,test,mean_popularity,5.0,139.19187817258884,197,0,20260903,20260922T172819,1790078663,10
item_mean,history=10,test,popularity_percentile,5.0,0.9268767161844168,197,0,20260903,20260922T172819,1790078663,10
item_mean,history=10,test,gini,5.0,0.9966985451881313,197,0,20260903,20260922T172819,1790078663,10
item_mean,history=10,test,precision_at_k,10.0,0.029441624365482238,197,0,20260903,20260922T172819,1790078663,10
item_mean,history=10,test,recall_at_k,10.0,0.022893033612080907,197,0,20260903,20260922T172819,1790078663,10
item_mean,history=10,test,coverage,10.0,0.00902061855670103,197,0,20260903,20260922T172819,1790078663,10
item_mean,history=10,test,mean_popularity,10.0,173.54416243654822,197,0,20260903,20260922T172819,1790078663,10
item_mean,history=10,test,popularity_percentile,10.0,0.9467401087230441,197,0,20260903,20260922T172819,1790078663,10
item_mean,history=10,test,gini,10.0,0.9933970903762624,197,0,20260903,20260922T172819,1790078663,10
item_mean,history=10,test,precision_at_k,20.0,0.025634517766497462,197,0,20260903,20260922T172819,1790078663,10
item_mean,history=10,test,recall_at_k,20.0,0.039469634371693825,197,0,20260903,20260922T172819,1790078663,10
item_mean,history=10,test,coverage,20.0,0.015463917525773196,197,0,20260903,20260922T172819,1790078663,10
item_mean,history=10,test,mean_popularity,20.0,149.5705583756345,197,0,20260903,20260922T172819,1790078663,10
item_mean,history=10,test,popularity_percentile,20.0,0.9206689969137319,197,0,20260903,20260922T172819,1790078663,10
item_mean,history=10,test,gini,20.0,0.9868854335653358,197,0,20260903,20260922T172819,1790078663,10
most_popular,history=10,test,rmse,,1.2078333015383447,200,5081,20260903,20260922T172819,1790078663,10
most_popular,history=10,test,mae,,0.9966677053010526,200,5081,20260903,20260922T172819,1790078663,10
most_popular,history=10,test,precision_at_k,5.0,0.050761421319796954,197,0,20260903,20260922T172819,1790078663,10
most_popular,history=10,test,recall_at_k,5.0,0.02143913735155029,197,0,20260903,20260922T172819,1790078663,10
most_popular,history=10,test,coverage,5.0,0.005154639175257732,197,0,20260903,20260922T172819,1790078663,10
most_popular,history=10,test,mean_popularity,5.0,359.73908629441627,197,0,20260903,20260922T172819,1790078663,10
most_popular,history=10,test,popularity_percentile,5.0,0.9986025063247226,197,0,20260903,20260922T172819,1790078663,10
most_popular,history=10,test,gini,5.0,0.9966449055418912,197,0,20260903,20260922T172819,1790078663,10
most_popular,history=10,test,precision_at_k,10.0,0.042131979695431476,197,0,20260903,20260922T172819,1790078663,10
most_popular,history=10,test,recall_at_k,10.0,0.0366613562934247,197,0,20260903,20260922T172819,1790078663,10
most_popular,history=10,test,coverage,10.0,0.00902061855670103,197,0,20260903,20260922T172819,1790078663,10
most_popular,history=10,test,mean_popularity,10.0,334.3,197,0,20260903,20260922T172819,1790078663,10
most_popular,history=10,test,popularity_percentile,10.0,0.9969425325727301,197,0,20260903,20260922T172819,1790078663,10
most_popular,history=10,test,gini,10.0,0.993373541263279,197,0,20260903,20260922T172819,1790078663,10
most_popular,history=10,test,precision_at_k,20.0,0.04365482233502538,197,0,20260903,20260922T172819,1790078663,10
most_popular,history=10,test,recall_at_k,20.0,0.08620892850923123,197,0,20260903,20260922T172819,1790078663,10
most_popular,history=10,test,coverage,20.0,0.01610824742268041,197,0,20260903,20260922T172819,1790078663,10
most_popular,history=10,test,mean_popularity,20.0,286.03299492385787,197,0,20260903,20260922T172819,1790078663,10
most_popular,history=10,test,popularity_percentile,20.0,0.9935908387253025,197,0,20260903,20260922T172819,1790078663,10
most_popular,history=10,test,gini,20.0,0.9867268041237114,197,0,20260903,20260922T172819,1790078663,10
content,history=10,test,rmse,,1.1612433705963596,200,5081,20260903,20260922T172819,1790078664,10
content,history=10,test,mae,,0.9231459158169908,200,5081,20260903,20260922T172819,1790078664,10
content,history=10,test,precision_at_k,5.0,0.022335025380710662,197,0,20260903,20260922T172819,1790078664,10
content,history=10,test,recall_at_k,5.0,0.007458185186168381,197,0,20260903,20260922T172819,1790078664,10
content,history=10,test,coverage,5.0,0.2712628865979381,197,0,20260903,20260922T172819,1790078664,10
content,history=10,test,mean_popularity,5.0,50.111675126903556,197,0,20260903,20260922T172819,1790078664,10
content,history=10,test,popularity_percentile,5.0,0.5924692436842777,197,0,20260903,20260922T172819,1790078664,10
content,history=10,test,gini,5.0,0.8339061437019205,197,0,20260903,20260922T172819,1790078664,10
content,history=10,test,precision_at_k,10.0,0.018781725888324875,197,0,20260903,20260922T172819,1790078664,10
content,history=10,test,recall_at_k,10.0,0.012957873192573187,197,0,20260903,20260922T172819,1790078664,10
content,history=10,test,coverage,10.0,0.39884020618556704,197,0,20260903,20260922T172819,1790078664,10
content,history=10,test,mean_popularity,10.0,49.53096446700508,197,0,20260903,20260922T172819,1790078664,10
content,history=10,test,popularity_percentile,10.0,0.595531620339915,197,0,20260903,20260922T172819,1790078664,10
content,history=10,test,gini,10.0,0.7822197655554974,197,0,20260903,20260922T172819,1790078664,10
content,history=10,test,precision_at_k,20.0,0.014213197969543146,197,0,20260903,20260922T172819,1790078664,10
content,history=10,test,recall_at_k,20.0,0.01923305290436947,197,0,20260903,20260922T172819,1790078664,10
content,history=10,test,coverage,20.0,0.5277061855670103,197,0,20260903,20260922T172819,1790078664,10
content,history=10,test,mean_popularity,20.0,47.774365482233506,197,0,20260903,20260922T172819,1790078664,10
content,history=10,test,popularity_percentile,20.0,0.5854860299724756,197,0,20260903,20260922T172819,1790078664,10
content,history=10,test,gini,20.0,0.7328176513684651,197,0,20260903,20260922T172819,1790078664,10
item_knn,history=10,test,rmse,,1.0948850913815225,200,5081,20260903,20260922T172819,1790078667,10
item_knn,history=10,test,mae,,0.854700380830245,200,5081,20260903,20260922T172819,1790078667,10
item_knn,history=10,test,precision_at_k,5.0,0.02030456852791878,197,0,20260903,20260922T172819,1790078667,10
item_knn,history=10,test,recall_at_k,5.0,0.005631214208612939,197,0,20260903,20260922T172819,1790078667,10
item_knn,history=10,test,coverage,5.0,0.17268041237113402,197,0,20260903,20260922T172819,1790078667,10
item_knn,history=10,test,mean_popularity,5.0,84.98172588832487,197,0,20260903,20260922T172819,1790078667,10
item_knn,history=10,test,popularity_percentile,5.0,0.6981727852016221,197,0,20260903,20260922T172819,1790078667,10
item_knn,history=10,test,gini,5.0,0.9201835522528652,197,0,20260903,20260922T172819,1790078667,10
item_knn,history=10,test,precision_at_k,10.0,0.019796954314720814,197,0,20260903,20260922T172819,1790078667,10
item_knn,history=10,test,recall_at_k,10.0,0.01476370007482529,197,0,20260903,20260922T172819,1790078667,10
item_knn,history=10,test,coverage,10.0,0.2847938144329897,197,0,20260903,20260922T172819,1790078667,10
item_knn,history=10,test,mean_popularity,10.0,80.68527918781726,197,0,20260903,20260922T172819,1790078667,10
item_knn,history=10,test,popularity_percentile,10.0,0.6851980219082497,197,0,20260903,20260922T172819,1790078667,10
item_knn,history=10,test,gini,10.0,0.8826083259197237,197,0,20260903,20260922T172819,1790078667,10
item_knn,history=10,test,precision_at_k,20.0,0.015736040609137057,197,0,20260903,20260922T172819,1790078667,10
item_knn,history=10,test,recall_at_k,20.0,0.02279367192317503,197,0,20260903,20260922T172819,1790078667,10
item_knn,history=10,test,coverage,20.0,0.4323453608247423,197,0,20260903,20260922T172819,1790078667,10
item_knn,history=10,test,mean_popularity,20.0,77.93324873096446,197,0,20260903,20260922T172819,1790078667,10
item_knn,history=10,test,popularity_percentile,20.0,0.6797139228989322,197,0,20260903,20260922T172819,1790078667,10
item_knn,history=10,test,gini,20.0,0.835685082945209,197,0,20260903,20260922T172819,1790078667,10
item_knn_ranking,history=10,test,rmse,,1.154911489083266,200,5081,20260903,20260922T172819,1790078671,10
item_knn_ranking,history=10,test,mae,,0.9082217586697048,200,5081,20260903,20260922T172819,1790078671,10
item_knn_ranking,history=10,test,precision_at_k,5.0,0.027411167512690356,197,0,20260903,20260922T172819,1790078671,10
item_knn_ranking,history=10,test,recall_at_k,5.0,0.010800132255682299,197,0,20260903,20260922T172819,1790078671,10
item_knn_ranking,history=10,test,coverage,5.0,0.1713917525773196,197,0,20260903,20260922T172819,1790078671,10
item_knn_ranking,history=10,test,mean_popularity,5.0,123.0497461928934,197,0,20260903,20260922T172819,1790078671,10
item_knn_ranking,history=10,test,popularity_percentile,5.0,0.8255816617410742,197,0,20260903,20260922T172819,1790078671,10
item_knn_ranking,history=10,test,gini,5.0,0.9329968862839499,197,0,20260903,20260922T172819,1790078671,10
item_knn_ranking,history=10,test,precision_at_k,10.0,0.019289340101522844,197,0,20260903,20260922T172819,1790078671,10
item_knn_ranking,history=10,test,recall_at_k,10.0,0.014677816766983392,197,0,20260903,20260922T172819,1790078671,10
item_knn_ranking,history=10,test,coverage,10.0,0.2802835051546392,197,0,20260903,20260922T172819,1790078671,10
item_knn_ranking,history=10,test,mean_popularity,10.0,112.61878172588833,197,0,20260903,20260922T172819,1790078671,10
item_knn_ranking,history=10,test,popularity_percentile,10.0,0.788844924021509,197,0,20260903,20260922T172819,1790078671,10
item_knn_ranking,history=10,test,gini,10.0,0.8971060756711497,197,0,20260903,20260922T172819,1790078671,10
item_knn_ranking,history=10,test,precision_at_k,20.0,0.021319796954314723,197,0,20260903,20260922T172819,1790078671,10
item_knn_ranking,history=10,test,recall_at_k,20.0,0.0327794202499703,197,0,20260903,20260922T172819,1790078671,10
item_knn_ranking,history=10,test,coverage,20.0,0.4271907216494845,197,0,20260903,20260922T172819,1790078671,10
item_knn_ranking,history=10,test,mean_popularity,20.0,100.98401015228427,197,0,20260903,20260922T172819,1790078671,10
item_knn_ranking,history=10,test,popularity_percentile,20.0,0.7617656203464606,197,0,20260903,20260922T172819,1790078671,10
item_knn_ranking,history=10,test,gini,20.0,0.8560962766235806,197,0,20260903,20260922T172819,1790078671,10
mf,history=10,test,rmse,,1.043295671096261,200,5081,20260903,20260922T172819,1790078699,10
mf,history=10,test,mae,,0.8259983454723921,200,5081,20260903,20260922T172819,1790078699,10
mf,history=10,test,precision_at_k,5.0,0.03451776649746193,197,0,20260903,20260922T172819,1790078699,10
mf,history=10,test,recall_at_k,5.0,0.013269161399721868,197,0,20260903,20260922T172819,1790078699,10
mf,history=10,test,coverage,5.0,0.02190721649484536,197,0,20260903,20260922T172819,1790078699,10
mf,history=10,test,mean_popularity,5.0,181.61421319796955,197,0,20260903,20260922T172819,1790078699,10
mf,history=10,test,popularity_percentile,5.0,0.9510333925713557,197,0,20260903,20260922T172819,1790078699,10
mf,history=10,test,gini,5.0,0.9935024072426605,197,0,20260903,20260922T172819,1790078699,10
mf,history=10,test,precision_at_k,10.0,0.029949238578680204,197,0,20260903,20260922T172819,1790078699,10
mf,history=10,test,recall_at_k,10.0,0.023850155017516788,197,0,20260903,20260922T172819,1790078699,10
mf,history=10,test,coverage,10.0,0.03672680412371134,197,0,20260903,20260922T172819,1790078699,10
mf,history=10,test,mean_popularity,10.0,172.24771573604062,197,0,20260903,20260922T172819,1790078699,10
mf,history=10,test,popularity_percentile,10.0,0.9437222424046054,197,0,20260903,20260922T172819,1790078699,10
mf,history=10,test,gini,10.0,0.989124234653828,197,0,20260903,20260922T172819,1790078699,10
mf,history=10,test,precision_at_k,20.0,0.02868020304568528,197,0,20260903,20260922T172819,1790078699,10
mf,history=10,test,recall_at_k,20.0,0.047488411166337785,197,0,20260903,20260922T172819,1790078699,10
mf,history=10,test,coverage,20.0,0.06958762886597938,197,0,20260903,20260922T172819,1790078699,10
mf,history=10,test,mean_popularity,20.0,154.4218274111675,197,0,20260903,20260922T172819,1790078699,10
mf,history=10,test,popularity_percentile,20.0,0.9293401669792207,197,0,20260903,20260922T172819,1790078699,10
mf,history=10,test,gini,20.0,0.9802785990894343,197,0,20260903,20260922T172819,1790078699,10
mf_ranking,history=10,test,rmse,,1.040866557863913,200,5081,20260903,20260922T172819,1790078716,10
mf_ranking,history=10,test,mae,,0.8258433958413313,200,5081,20260903,20260922T172819,1790078716,10
mf_ranking,history=10,test,precision_at_k,5.0,0.03553299492385787,197,0,20260903,20260922T172819,1790078716,10
mf_ranking,history=10,test,recall_at_k,5.0,0.013730301869549382,197,0,20260903,20260922T172819,1790078716,10
mf_ranking,history=10,test,coverage,5.0,0.01997422680412371,197,0,20260903,20260922T172819,1790078716,10
mf_ranking,history=10,test,mean_popularity,5.0,171.45685279187816,197,0,20260903,20260922T172819,1790078716,10
mf_ranking,history=10,test,popularity_percentile,5.0,0.9484053189852951,197,0,20260903,20260922T172819,1790078716,10
mf_ranking,history=10,test,gini,5.0,0.9928260243864148,197,0,20260903,20260922T172819,1790078716,10
mf_ranking,history=10,test,precision_at_k,10.0,0.03147208121827412,197,0,20260903,20260922T172819,1790078716,10
mf_ranking,history=10,test,recall_at_k,10.0,0.023713943634280553,197,0,20260903,20260922T172819,1790078716,10
mf_ranking,history=10,test,coverage,10.0,0.03608247422680412,197,0,20260903,20260922T172819,1790078716,10
mf_ranking,history=10,test,mean_popularity,10.0,168.60355329949238,197,0,20260903,20260922T172819,1790078716,10
mf_ranking,history=10,test,popularity_percentile,10.0,0.9432211738292308,197,0,20260903,20260922T172819,1790078716,10
mf_ranking,history=10,test,gini,10.0,0.9887618399706944,197,0,20260903,20260922T172819,1790078716,10
mf_ranking,history=10,test,precision_at_k,20.0,0.027918781725888325,197,0,20260903,20260922T172819,1790078716,10
mf_ranking,history=10,test,recall_at_k,20.0,0.04567868143987,197,0,20260903,20260922T172819,1790078716,10
mf_ranking,history=10,test,coverage,20.0,0.05798969072164949,197,0,20260903,20260922T172819,1790078716,10
mf_ranking,history=10,test,mean_popularity,20.0,152.5718274111675,197,0,20260903,20260922T172819,1790078716,10
mf_ranking,history=10,test,popularity_percentile,20.0,0.9276648109783437,197,0,20260903,20260922T172819,1790078716,10
mf_ranking,history=10,test,gini,20.0,0.979571144486891,197,0,20260903,20260922T172819,1790078716,10
hybrid,history=10,test,rmse,,1.0444829598888896,200,5081,20260903,20260922T172819,1790078745,10
hybrid,history=10,test,mae,,0.8276010950958995,200,5081,20260903,20260922T172819,1790078745,10
hybrid,history=10,test,precision_at_k,5.0,0.03857868020304569,197,0,20260903,20260922T172819,1790078745,10
hybrid,history=10,test,recall_at_k,5.0,0.014497662177587172,197,0,20260903,20260922T172819,1790078745,10
hybrid,history=10,test,coverage,5.0,0.025128865979381444,197,0,20260903,20260922T172819,1790078745,10
hybrid,history=10,test,mean_popularity,5.0,183.7766497461929,197,0,20260903,20260922T172819,1790078745,10
hybrid,history=10,test,popularity_percentile,5.0,0.9527935145820446,197,0,20260903,20260922T172819,1790078745,10
hybrid,history=10,test,gini,5.0,0.9929293788267308,197,0,20260903,20260922T172819,1790078745,10
hybrid,history=10,test,precision_at_k,10.0,0.029949238578680204,197,0,20260903,20260922T172819,1790078745,10
hybrid,history=10,test,recall_at_k,10.0,0.02413440176178549,197,0,20260903,20260922T172819,1790078745,10
hybrid,history=10,test,coverage,10.0,0.03994845360824742,197,0,20260903,20260922T172819,1790078745,10
hybrid,history=10,test,mean_popularity,10.0,171.23654822335024,197,0,20260903,20260922T172819,1790078745,10
hybrid,history=10,test,popularity_percentile,10.0,0.9432588112467148,197,0,20260903,20260922T172819,1790078745,10
hybrid,history=10,test,gini,10.0,0.9880821864043121,197,0,20260903,20260922T172819,1790078745,10
hybrid,history=10,test,precision_at_k,20.0,0.029695431472081216,197,0,20260903,20260922T172819,1790078745,10
hybrid,history=10,test,recall_at_k,20.0,0.048557905112010954,197,0,20260903,20260922T172819,1790078745,10
hybrid,history=10,test,coverage,20.0,0.07345360824742268,197,0,20260903,20260922T172819,1790078745,10
hybrid,history=10,test,mean_popularity,20.0,154.351269035533,197,0,20260903,20260922T172819,1790078745,10
hybrid,history=10,test,popularity_percentile,20.0,0.9293498217950102,197,0,20260903,20260922T172819,1790078745,10
hybrid,history=10,test,gini,20.0,0.9792810324977759,197,0,20260903,20260922T172819,1790078745,10
hybrid_frontier,history=10,test,rmse,,1.055053702587189,200,5081,20260903,20260922T172819,1790078771,10
hybrid_frontier,history=10,test,mae,,0.8375666588338166,200,5081,20260903,20260922T172819,1790078771,10
hybrid_frontier,history=10,test,precision_at_k,5.0,0.04263959390862945,197,0,20260903,20260922T172819,1790078771,10
hybrid_frontier,history=10,test,recall_at_k,5.0,0.015738763895786597,197,0,20260903,20260922T172819,1790078771,10
hybrid_frontier,history=10,test,coverage,5.0,0.06378865979381443,197,0,20260903,20260922T172819,1790078771,10
hybrid_frontier,history=10,test,mean_popularity,5.0,174.02842639593908,197,0,20260903,20260922T172819,1790078771,10
hybrid_frontier,history=10,test,popularity_percentile,5.0,0.9378229863163441,197,0,20260903,20260922T172819,1790078771,10
hybrid_frontier,history=10,test,gini,5.0,0.9822904128944476,197,0,20260903,20260922T172819,1790078771,10
hybrid_frontier,history=10,test,precision_at_k,10.0,0.03401015228426396,197,0,20260903,20260922T172819,1790078771,10
hybrid_frontier,history=10,test,recall_at_k,10.0,0.030171734102868483,197,0,20260903,20260922T172819,1790078771,10
hybrid_frontier,history=10,test,coverage,10.0,0.09278350515463918,197,0,20260903,20260922T172819,1790078771,10
hybrid_frontier,history=10,test,mean_popularity,10.0,162.1522842639594,197,0,20260903,20260922T172819,1790078771,10
hybrid_frontier,history=10,test,popularity_percentile,10.0,0.9268858800773694,197,0,20260903,20260922T172819,1790078771,10
hybrid_frontier,history=10,test,gini,10.0,0.9733796901983358,197,0,20260903,20260922T172819,1790078771,10
hybrid_frontier,history=10,test,precision_at_k,20.0,0.030710659898477162,197,0,20260903,20260922T172819,1790078771,10
hybrid_frontier,history=10,test,recall_at_k,20.0,0.049691412902061624,197,0,20260903,20260922T172819,1790078771,10
hybrid_frontier,history=10,test,coverage,20.0,0.14432989690721648,197,0,20260903,20260922T172819,1790078771,10
hybrid_frontier,history=10,test,mean_popularity,20.0,145.69289340101523,197,0,20260903,20260922T172819,1790078771,10
hybrid_frontier,history=10,test,popularity_percentile,20.0,0.9102669965668129,197,0,20260903,20260922T172819,1790078771,10
hybrid_frontier,history=10,test,gini,20.0,0.9611635878381914,197,0,20260903,20260922T172819,1790078771,10
global_mean,history=20,test,rmse,,1.2086176546667111,200,5081,20260903,20260922T172819,1790078771,20
global_mean,history=20,test,mae,,0.996818774683966,200,5081,20260903,20260922T172819,1790078771,20
global_mean,history=20,test,precision_at_k,5.0,0.019289340101522848,197,0,20260903,20260922T172819,1790078771,20
global_mean,history=20,test,recall_at_k,5.0,0.006858401649323616,197,0,20260903,20260922T172819,1790078771,20
global_mean,history=20,test,coverage,5.0,0.0045045045045045045,197,0,20260903,20260922T172819,1790078771,20
global_mean,history=20,test,mean_popularity,5.0,105.92182741116751,197,0,20260903,20260922T172819,1790078771,20
global_mean,history=20,test,popularity_percentile,5.0,0.8215832464429416,197,0,20260903,20260922T172819,1790078771,20
global_mean,history=20,test,gini,5.0,0.9966466103521942,197,0,20260903,20260922T172819,1790078771,20
global_mean,history=20,test,precision_at_k,10.0,0.02284263959390863,197,0,20260903,20260922T172819,1790078771,20
global_mean,history=20,test,recall_at_k,10.0,0.02102189736492462,197,0,20260903,20260922T172819,1790078771,20
global_mean,history=20,test,coverage,10.0,0.009009009009009009,197,0,20260903,20260922T172819,1790078771,20
global_mean,history=20,test,mean_popularity,10.0,121.24365482233503,197,0,20260903,20260922T172819,1790078771,20
global_mean,history=20,test,popularity_percentile,10.0,0.845218522525585,197,0,20260903,20260922T172819,1790078771,20
global_mean,history=20,test,gini,10.0,0.9933480979166258,197,0,20260903,20260922T172819,1790078771,20
global_mean,history=20,test,precision_at_k,20.0,0.0200507614213198,197,0,20260903,20260922T172819,1790078771,20
global_mean,history=20,test,recall_at_k,20.0,0.036847350796105086,197,0,20260903,20260922T172819,1790078771,20
global_mean,history=20,test,coverage,20.0,0.016087516087516088,197,0,20260903,20260922T172819,1790078771,20
global_mean,history=20,test,mean_popularity,20.0,104.73096446700508,197,0,20260903,20260922T172819,1790078771,20
global_mean,history=20,test,popularity_percentile,20.0,0.8160973847898778,197,0,20260903,20260922T172819,1790078771,20
global_mean,history=20,test,gini,20.0,0.9868085634583097,197,0,20260903,20260922T172819,1790078771,20
user_mean,history=20,test,rmse,,1.12729612026786,200,5081,20260903,20260922T172819,1790078771,20
user_mean,history=20,test,mae,,0.9039410396276947,200,5081,20260903,20260922T172819,1790078771,20
user_mean,history=20,test,precision_at_k,5.0,0.019289340101522848,197,0,20260903,20260922T172819,1790078771,20
user_mean,history=20,test,recall_at_k,5.0,0.006858401649323616,197,0,20260903,20260922T172819,1790078771,20
user_mean,history=20,test,coverage,5.0,0.0045045045045045045,197,0,20260903,20260922T172819,1790078771,20
user_mean,history=20,test,mean_popularity,5.0,105.92182741116751,197,0,20260903,20260922T172819,1790078771,20
user_mean,history=20,test,popularity_percentile,5.0,0.8215832464429416,197,0,20260903,20260922T172819,1790078771,20
user_mean,history=20,test,gini,5.0,0.9966466103521942,197,0,20260903,20260922T172819,1790078771,20
user_mean,history=20,test,precision_at_k,10.0,0.02284263959390863,197,0,20260903,20260922T172819,1790078771,20
user_mean,history=20,test,recall_at_k,10.0,0.02102189736492462,197,0,20260903,20260922T172819,1790078771,20
user_mean,history=20,test,coverage,10.0,0.009009009009009009,197,0,20260903,20260922T172819,1790078771,20
user_mean,history=20,test,mean_popularity,10.0,121.24365482233503,197,0,20260903,20260922T172819,1790078771,20
user_mean,history=20,test,popularity_percentile,10.0,0.845218522525585,197,0,20260903,20260922T172819,1790078771,20
user_mean,history=20,test,gini,10.0,0.9933480979166258,197,0,20260903,20260922T172819,1790078771,20
user_mean,history=20,test,precision_at_k,20.0,0.0200507614213198,197,0,20260903,20260922T172819,1790078771,20
user_mean,history=20,test,recall_at_k,20.0,0.036847350796105086,197,0,20260903,20260922T172819,1790078771,20
user_mean,history=20,test,coverage,20.0,0.016087516087516088,197,0,20260903,20260922T172819,1790078771,20
user_mean,history=20,test,mean_popularity,20.0,104.73096446700508,197,0,20260903,20260922T172819,1790078771,20
user_mean,history=20,test,popularity_percentile,20.0,0.8160973847898778,197,0,20260903,20260922T172819,1790078771,20
user_mean,history=20,test,gini,20.0,0.9868085634583097,197,0,20260903,20260922T172819,1790078771,20
item_mean,history=20,test,rmse,,1.0751866610937681,200,5081,20260903,20260922T172819,1790078771,20
item_mean,history=20,test,mae,,0.859051005712661,200,5081,20260903,20260922T172819,1790078771,20
item_mean,history=20,test,precision_at_k,5.0,0.024365482233502538,197,0,20260903,20260922T172819,1790078771,20
item_mean,history=20,test,recall_at_k,5.0,0.009943211083734676,197,0,20260903,20260922T172819,1790078771,20
item_mean,history=20,test,coverage,5.0,0.005148005148005148,197,0,20260903,20260922T172819,1790078771,20
item_mean,history=20,test,mean_popularity,5.0,142.26497461928935,197,0,20260903,20260922T172819,1790078771,20
item_mean,history=20,test,popularity_percentile,5.0,0.9257824221009933,197,0,20260903,20260922T172819,1790078771,20
item_mean,history=20,test,gini,5.0,0.9966479169524854,197,0,20260903,20260922T172819,1790078771,20
item_mean,history=20,test,precision_at_k,10.0,0.029949238578680204,197,0,20260903,20260922T172819,1790078771,20
item_mean,history=20,test,recall_at_k,10.0,0.02321029249532964,197,0,20260903,20260922T172819,1790078771,20
item_mean,history=20,test,coverage,10.0,0.009652509652509652,197,0,20260903,20260922T172819,1790078771,20
item_mean,history=20,test,mean_popularity,10.0,173.17664974619288,197,0,20260903,20260922T172819,1790078771,20
item_mean,history=20,test,popularity_percentile,10.0,0.939955743100794,197,0,20260903,20260922T172819,1790078771,20
item_mean,history=20,test,gini,10.0,0.9932612089972496,197,0,20260903,20260922T172819,1790078771,20
item_mean,history=20,test,precision_at_k,20.0,0.027411167512690356,197,0,20260903,20260922T172819,1790078771,20
item_mean,history=20,test,recall_at_k,20.0,0.041833767147889896,197,0,20260903,20260922T172819,1790078771,20
item_mean,history=20,test,coverage,20.0,0.017374517374517374,197,0,20260903,20260922T172819,1790078771,20
item_mean,history=20,test,mean_popularity,20.0,157.0444162436548,197,0,20260903,20260922T172819,1790078771,20
item_mean,history=20,test,popularity_percentile,20.0,0.9294950660421454,197,0,20260903,20260922T172819,1790078771,20
item_mean,history=20,test,gini,20.0,0.9866129000646767,197,0,20260903,20260922T172819,1790078771,20
most_popular,history=20,test,rmse,,1.2086176546667111,200,5081,20260903,20260922T172819,1790078772,20
most_popular,history=20,test,mae,,0.996818774683966,200,5081,20260903,20260922T172819,1790078772,20
most_popular,history=20,test,precision_at_k,5.0,0.050761421319796954,197,0,20260903,20260922T172819,1790078772,20
most_popular,history=20,test,recall_at_k,5.0,0.02143913735155029,197,0,20260903,20260922T172819,1790078772,20
most_popular,history=20,test,coverage,5.0,0.007722007722007722,197,0,20260903,20260922T172819,1790078772,20
most_popular,history=20,test,mean_popularity,5.0,367.10253807106596,197,0,20260903,20260922T172819,1790078772,20
most_popular,history=20,test,popularity_percentile,5.0,0.9984637560836893,197,0,20260903,20260922T172819,1790078772,20
most_popular,history=20,test,gini,5.0,0.9964284081035351,197,0,20260903,20260922T172819,1790078772,20
most_popular,history=20,test,precision_at_k,10.0,0.04517766497461928,197,0,20260903,20260922T172819,1790078772,20
most_popular,history=20,test,recall_at_k,10.0,0.04280960239389535,197,0,20260903,20260922T172819,1790078772,20
most_popular,history=20,test,coverage,10.0,0.010939510939510939,197,0,20260903,20260922T172819,1790078772,20
most_popular,history=20,test,mean_popularity,10.0,339.8030456852792,197,0,20260903,20260922T172819,1790078772,20
most_popular,history=20,test,popularity_percentile,10.0,0.9967238781333655,197,0,20260903,20260922T172819,1790078772,20
most_popular,history=20,test,gini,10.0,0.9930005422391209,197,0,20260903,20260922T172819,1790078772,20
most_popular,history=20,test,precision_at_k,20.0,0.04416243654822335,197,0,20260903,20260922T172819,1790078772,20
most_popular,history=20,test,recall_at_k,20.0,0.08281252795547027,197,0,20260903,20260922T172819,1790078772,20
most_popular,history=20,test,coverage,20.0,0.01866151866151866,197,0,20260903,20260922T172819,1790078772,20
most_popular,history=20,test,mean_popularity,20.0,290.99314720812185,197,0,20260903,20260922T172819,1790078772,20
most_popular,history=20,test,popularity_percentile,20.0,0.9932019572401215,197,0,20260903,20260922T172819,1790078772,20
most_popular,history=20,test,gini,20.0,0.9860660878427376,197,0,20260903,20260922T172819,1790078772,20
content,history=20,test,rmse,,1.1262460469040294,200,5081,20260903,20260922T172819,1790078772,20
content,history=20,test,mae,,0.8895671124717597,200,5081,20260903,20260922T172819,1790078772,20
content,history=20,test,precision_at_k,5.0,0.02842639593908629,197,0,20260903,20260922T172819,1790078772,20
content,history=20,test,recall_at_k,5.0,0.011766483638725985,197,0,20260903,20260922T172819,1790078772,20
content,history=20,test,coverage,5.0,0.24581724581724582,197,0,20260903,20260922T172819,1790078772,20
content,history=20,test,mean_popularity,5.0,58.048730964467005,197,0,20260903,20260922T172819,1790078772,20
content,history=20,test,popularity_percentile,5.0,0.629396517629216,197,0,20260903,20260922T172819,1790078772,20
content,history=20,test,gini,5.0,0.8567319313512207,197,0,20260903,20260922T172819,1790078772,20
content,history=20,test,precision_at_k,10.0,0.01928934010152284,197,0,20260903,20260922T172819,1790078772,20
content,history=20,test,recall_at_k,10.0,0.01689011998553572,197,0,20260903,20260922T172819,1790078772,20
content,history=20,test,coverage,10.0,0.35456885456885456,197,0,20260903,20260922T172819,1790078772,20
content,history=20,test,mean_popularity,10.0,55.53045685279188,197,0,20260903,20260922T172819,1790078772,20
content,history=20,test,popularity_percentile,10.0,0.6181329079789895,197,0,20260903,20260922T172819,1790078772,20
content,history=20,test,gini,10.0,0.8088861885816201,197,0,20260903,20260922T172819,1790078772,20
content,history=20,test,precision_at_k,20.0,0.01700507614213198,197,0,20260903,20260922T172819,1790078772,20
content,history=20,test,recall_at_k,20.0,0.028922624127407013,197,0,20260903,20260922T172819,1790078772,20
content,history=20,test,coverage,20.0,0.481981981981982,197,0,20260903,20260922T172819,1790078772,20
content,history=20,test,mean_popularity,20.0,51.24111675126903,197,0,20260903,20260922T172819,1790078772,20
content,history=20,test,popularity_percentile,20.0,0.5926726068098097,197,0,20260903,20260922T172819,1790078772,20
content,history=20,test,gini,20.0,0.7592350508594163,197,0,20260903,20260922T172819,1790078772,20
item_knn,history=20,test,rmse,,1.0399595374248218,200,5081,20260903,20260922T172819,1790078776,20
item_knn,history=20,test,mae,,0.8090146073655294,200,5081,20260903,20260922T172819,1790078776,20
item_knn,history=20,test,precision_at_k,5.0,0.021319796954314723,197,0,20260903,20260922T172819,1790078776,20
item_knn,history=20,test,recall_at_k,5.0,0.00707162350259809,197,0,20260903,20260922T172819,1790078776,20
item_knn,history=20,test,coverage,5.0,0.16666666666666666,197,0,20260903,20260922T172819,1790078776,20
item_knn,history=20,test,mean_popularity,5.0,79.28324873096447,197,0,20260903,20260922T172819,1790078776,20
item_knn,history=20,test,popularity_percentile,5.0,0.6312393566079735,197,0,20260903,20260922T172819,1790078776,20
item_knn,history=20,test,gini,5.0,0.924911641155296,197,0,20260903,20260922T172819,1790078776,20
item_knn,history=20,test,precision_at_k,10.0,0.02284263959390863,197,0,20260903,20260922T172819,1790078776,20
item_knn,history=20,test,recall_at_k,10.0,0.01562601415994165,197,0,20260903,20260922T172819,1790078776,20
item_knn,history=20,test,coverage,10.0,0.2528957528957529,197,0,20260903,20260922T172819,1790078776,20
item_knn,history=20,test,mean_popularity,10.0,81.72994923857868,197,0,20260903,20260922T172819,1790078776,20
item_knn,history=20,test,popularity_percentile,10.0,0.648983627562177,197,0,20260903,20260922T172819,1790078776,20
item_knn,history=20,test,gini,10.0,0.8985614330791996,197,0,20260903,20260922T172819,1790078776,20
item_knn,history=20,test,precision_at_k,20.0,0.021573604060913704,197,0,20260903,20260922T172819,1790078776,20
item_knn,history=20,test,recall_at_k,20.0,0.034177139680645674,197,0,20260903,20260922T172819,1790078776,20
item_knn,history=20,test,coverage,20.0,0.36036036036036034,197,0,20260903,20260922T172819,1790078776,20
item_knn,history=20,test,mean_popularity,20.0,82.93350253807107,197,0,20260903,20260922T172819,1790078776,20
item_knn,history=20,test,popularity_percentile,20.0,0.6640097273657339,197,0,20260903,20260922T172819,1790078776,20
item_knn,history=20,test,gini,20.0,0.8708631401524802,197,0,20260903,20260922T172819,1790078776,20
item_knn_ranking,history=20,test,rmse,,1.1388368663036017,200,5081,20260903,20260922T172819,1790078780,20
item_knn_ranking,history=20,test,mae,,0.8924031671711793,200,5081,20260903,20260922T172819,1790078780,20
item_knn_ranking,history=20,test,precision_at_k,5.0,0.03248730964467005,197,0,20260903,20260922T172819,1790078780,20
item_knn_ranking,history=20,test,recall_at_k,5.0,0.014392773478314361,197,0,20260903,20260922T172819,1790078780,20
item_knn_ranking,history=20,test,coverage,5.0,0.15637065637065636,197,0,20260903,20260922T172819,1790078780,20
item_knn_ranking,history=20,test,mean_popularity,5.0,127.49644670050762,197,0,20260903,20260922T172819,1790078780,20
item_knn_ranking,history=20,test,popularity_percentile,5.0,0.8077139056223259,197,0,20260903,20260922T172819,1790078780,20
item_knn_ranking,history=20,test,gini,5.0,0.9410795131607315,197,0,20260903,20260922T172819,1790078780,20
item_knn_ranking,history=20,test,precision_at_k,10.0,0.03096446700507614,197,0,20260903,20260922T172819,1790078780,20
item_knn_ranking,history=20,test,recall_at_k,10.0,0.024975982631545334,197,0,20260903,20260922T172819,1790078780,20
item_knn_ranking,history=20,test,coverage,10.0,0.24581724581724582,197,0,20260903,20260922T172819,1790078780,20
item_knn_ranking,history=20,test,mean_popularity,10.0,121.05076142131979,197,0,20260903,20260922T172819,1790078780,20
item_knn_ranking,history=20,test,popularity_percentile,10.0,0.7991818683994627,197,0,20260903,20260922T172819,1790078780,20
item_knn_ranking,history=20,test,gini,10.0,0.917339892466796,197,0,20260903,20260922T172819,1790078780,20
item_knn_ranking,history=20,test,precision_at_k,20.0,0.0266497461928934,197,0,20260903,20260922T172819,1790078780,20
item_knn_ranking,history=20,test,recall_at_k,20.0,0.044495307319174816,197,0,20260903,20260922T172819,1790078780,20
item_knn_ranking,history=20,test,coverage,20.0,0.36229086229086227,197,0,20260903,20260922T172819,1790078780,20
item_knn_ranking,history=20,test,mean_popularity,20.0,109.51675126903554,197,0,20260903,20260922T172819,1790078780,20
item_knn_ranking,history=20,test,popularity_percentile,20.0,0.7669560470809731,197,0,20260903,20260922T172819,1790078780,20
item_knn_ranking,history=20,test,gini,20.0,0.885882183851727,197,0,20260903,20260922T172819,1790078780,20
mf,history=20,test,rmse,,1.0269478045607014,200,5081,20260903,20260922T172819,1790078808,20
mf,history=20,test,mae,,0.8099280713784701,200,5081,20260903,20260922T172819,1790078808,20
mf,history=20,test,precision_at_k,5.0,0.03350253807106599,197,0,20260903,20260922T172819,1790078808,20
mf,history=20,test,recall_at_k,5.0,0.015271732633516303,197,0,20260903,20260922T172819,1790078808,20
mf,history=20,test,coverage,5.0,0.032175032175032175,197,0,20260903,20260922T172819,1790078808,20
mf,history=20,test,mean_popularity,5.0,170.3766497461929,197,0,20260903,20260922T172819,1790078808,20
mf,history=20,test,popularity_percentile,5.0,0.9461366734108864,197,0,20260903,20260922T172819,1790078808,20
mf,history=20,test,gini,5.0,0.9918879720910178,197,0,20260903,20260922T172819,1790078808,20
mf,history=20,test,precision_at_k,10.0,0.029441624365482238,197,0,20260903,20260922T172819,1790078808,20
mf,history=20,test,recall_at_k,10.0,0.026244694061005425,197,0,20260903,20260922T172819,1790078808,20
mf,history=20,test,coverage,10.0,0.05341055341055341,197,0,20260903,20260922T172819,1790078808,20
mf,history=20,test,mean_popularity,10.0,165.38984771573604,197,0,20260903,20260922T172819,1790078808,20
mf,history=20,test,popularity_percentile,10.0,0.9390219029159217,197,0,20260903,20260922T172819,1790078808,20
mf,history=20,test,gini,10.0,0.986300295944966,197,0,20260903,20260922T172819,1790078808,20
mf,history=20,test,precision_at_k,20.0,0.029441624365482238,197,0,20260903,20260922T172819,1790078808,20
mf,history=20,test,recall_at_k,20.0,0.048795565757234524,197,0,20260903,20260922T172819,1790078808,20
mf,history=20,test,coverage,20.0,0.08751608751608751,197,0,20260903,20260922T172819,1790078808,20
mf,history=20,test,mean_popularity,20.0,154.36472081218275,197,0,20260903,20260922T172819,1790078808,20
mf,history=20,test,popularity_percentile,20.0,0.9263346527598458,197,0,20260903,20260922T172819,1790078808,20
mf,history=20,test,gini,20.0,0.9758919180238977,197,0,20260903,20260922T172819,1790078808,20
mf_ranking,history=20,test,rmse,,1.0201403957285415,200,5081,20260903,20260922T172819,1790078824,20
mf_ranking,history=20,test,mae,,0.8054778053361212,200,5081,20260903,20260922T172819,1790078824,20
mf_ranking,history=20,test,precision_at_k,5.0,0.03756345177664975,197,0,20260903,20260922T172819,1790078824,20
mf_ranking,history=20,test,recall_at_k,5.0,0.015047503186750702,197,0,20260903,20260922T172819,1790078824,20
mf_ranking,history=20,test,coverage,5.0,0.023809523809523808,197,0,20260903,20260922T172819,1790078824,20
mf_ranking,history=20,test,mean_popularity,5.0,167.09441624365482,197,0,20260903,20260922T172819,1790078824,20
mf_ranking,history=20,test,popularity_percentile,5.0,0.9426386133274063,197,0,20260903,20260922T172819,1790078824,20
mf_ranking,history=20,test,gini,5.0,0.992405385806401,197,0,20260903,20260922T172819,1790078824,20
mf_ranking,history=20,test,precision_at_k,10.0,0.03299492385786802,197,0,20260903,20260922T172819,1790078824,20
mf_ranking,history=20,test,recall_at_k,10.0,0.02557906640597795,197,0,20260903,20260922T172819,1790078824,20
mf_ranking,history=20,test,coverage,10.0,0.039253539253539256,197,0,20260903,20260922T172819,1790078824,20
mf_ranking,history=20,test,mean_popularity,10.0,165.69137055837564,197,0,20260903,20260922T172819,1790078824,20
mf_ranking,history=20,test,popularity_percentile,10.0,0.9393363426281538,197,0,20260903,20260922T172819,1790078824,20
mf_ranking,history=20,test,gini,10.0,0.987668959750178,197,0,20260903,20260922T172819,1790078824,20
mf_ranking,history=20,test,precision_at_k,20.0,0.028172588832487314,197,0,20260903,20260922T172819,1790078824,20
mf_ranking,history=20,test,recall_at_k,20.0,0.047337039059142307,197,0,20260903,20260922T172819,1790078824,20
mf_ranking,history=20,test,coverage,20.0,0.0637065637065637,197,0,20260903,20260922T172819,1790078824,20
mf_ranking,history=20,test,mean_popularity,20.0,152.04060913705584,197,0,20260903,20260922T172819,1790078824,20
mf_ranking,history=20,test,popularity_percentile,20.0,0.9253717219986861,197,0,20260903,20260922T172819,1790078824,20
mf_ranking,history=20,test,gini,20.0,0.9785472564660382,197,0,20260903,20260922T172819,1790078824,20
hybrid,history=20,test,rmse,,1.028936430502088,200,5081,20260903,20260922T172819,1790078853,20
hybrid,history=20,test,mae,,0.8120870316791816,200,5081,20260903,20260922T172819,1790078853,20
hybrid,history=20,test,precision_at_k,5.0,0.03654822335025381,197,0,20260903,20260922T172819,1790078853,20
hybrid,history=20,test,recall_at_k,5.0,0.016363771105330358,197,0,20260903,20260922T172819,1790078853,20
hybrid,history=20,test,coverage,5.0,0.0341055341055341,197,0,20260903,20260922T172819,1790078853,20
hybrid,history=20,test,mean_popularity,5.0,173.89238578680204,197,0,20260903,20260922T172819,1790078853,20
hybrid,history=20,test,popularity_percentile,5.0,0.9486051232100308,197,0,20260903,20260922T172819,1790078853,20
hybrid,history=20,test,gini,5.0,0.9910086300949245,197,0,20260903,20260922T172819,1790078853,20
hybrid,history=20,test,precision_at_k,10.0,0.030964467005076143,197,0,20260903,20260922T172819,1790078853,20
hybrid,history=20,test,recall_at_k,10.0,0.027012581684304694,197,0,20260903,20260922T172819,1790078853,20
hybrid,history=20,test,coverage,10.0,0.055984555984555984,197,0,20260903,20260922T172819,1790078853,20
hybrid,history=20,test,mean_popularity,10.0,166.59137055837564,197,0,20260903,20260922T172819,1790078853,20
hybrid,history=20,test,popularity_percentile,10.0,0.9394938893446776,197,0,20260903,20260922T172819,1790078853,20
hybrid,history=20,test,gini,10.0,0.9848323305176097,197,0,20260903,20260922T172819,1790078853,20
hybrid,history=20,test,precision_at_k,20.0,0.031472081218274106,197,0,20260903,20260922T172819,1790078853,20
hybrid,history=20,test,recall_at_k,20.0,0.052384786662548234,197,0,20260903,20260922T172819,1790078853,20
hybrid,history=20,test,coverage,20.0,0.08815958815958816,197,0,20260903,20260922T172819,1790078853,20
hybrid,history=20,test,mean_popularity,20.0,154.89162436548224,197,0,20260903,20260922T172819,1790078853,20
hybrid,history=20,test,popularity_percentile,20.0,0.926597775388065,197,0,20260903,20260922T172819,1790078853,20
hybrid,history=20,test,gini,20.0,0.9741969307959155,197,0,20260903,20260922T172819,1790078853,20
hybrid_frontier,history=20,test,rmse,,1.0384365348066191,200,5081,20260903,20260922T172819,1790078882,20
hybrid_frontier,history=20,test,mae,,0.8205798656795404,200,5081,20260903,20260922T172819,1790078882,20
hybrid_frontier,history=20,test,precision_at_k,5.0,0.044670050761421325,197,0,20260903,20260922T172819,1790078882,20
hybrid_frontier,history=20,test,recall_at_k,5.0,0.021045902099988124,197,0,20260903,20260922T172819,1790078882,20
hybrid_frontier,history=20,test,coverage,5.0,0.06113256113256113,197,0,20260903,20260922T172819,1790078882,20
hybrid_frontier,history=20,test,mean_popularity,5.0,173.63553299492386,197,0,20260903,20260922T172819,1790078882,20
hybrid_frontier,history=20,test,popularity_percentile,5.0,0.9421123680709679,197,0,20260903,20260922T172819,1790078882,20
hybrid_frontier,history=20,test,gini,5.0,0.982254408142733,197,0,20260903,20260922T172819,1790078882,20
hybrid_frontier,history=20,test,precision_at_k,10.0,0.03705583756345178,197,0,20260903,20260922T172819,1790078882,20
hybrid_frontier,history=20,test,recall_at_k,10.0,0.03325954008437857,197,0,20260903,20260922T172819,1790078882,20
hybrid_frontier,history=20,test,coverage,10.0,0.09137709137709138,197,0,20260903,20260922T172819,1790078882,20
hybrid_frontier,history=20,test,mean_popularity,10.0,161.93248730964467,197,0,20260903,20260922T172819,1790078882,20
hybrid_frontier,history=20,test,popularity_percentile,10.0,0.9280266456604378,197,0,20260903,20260922T172819,1790078882,20
hybrid_frontier,history=20,test,gini,10.0,0.9715363659526096,197,0,20260903,20260922T172819,1790078882,20
hybrid_frontier,history=20,test,precision_at_k,20.0,0.03197969543147208,197,0,20260903,20260922T172819,1790078882,20
hybrid_frontier,history=20,test,recall_at_k,20.0,0.05565725176483113,197,0,20260903,20260922T172819,1790078882,20
hybrid_frontier,history=20,test,coverage,20.0,0.14478764478764478,197,0,20260903,20260922T172819,1790078882,20
hybrid_frontier,history=20,test,mean_popularity,20.0,147.1715736040609,197,0,20260903,20260922T172819,1790078882,20
hybrid_frontier,history=20,test,popularity_percentile,20.0,0.9103843551534446,197,0,20260903,20260922T172819,1790078882,20
hybrid_frontier,history=20,test,gini,20.0,0.958306058052251,197,0,20260903,20260922T172819,1790078882,20
